step,pmove,energy,energy_imag,potential,kinetic,variance,Lz,Lz_square,L_square
0,0.85,5.7565,+0.0272,2.8823,2.8743,0.5523,+0.0009,8.8511,21.2370
1,0.87,5.5351,+0.0032,2.9040,2.6310,0.4703,+0.1608,7.6483,19.8106
2,0.88,5.5051,-0.0381,2.9157,2.5894,0.3745,+0.3739,7.0141,19.3387
3,0.86,5.4856,+0.0319,3.1820,2.3036,2.1735,+0.2168,7.3086,17.9864
4,0.87,5.2756,+0.0975,2.9223,2.3532,0.3870,+0.3585,6.1190,16.2601
5,0.86,5.1914,-0.0172,2.8952,2.2963,0.1996,+0.2995,5.3377,15.6338
6,0.88,5.2113,+0.0647,2.9549,2.2564,0.2718,+0.2451,5.7264,15.6440
7,0.89,5.1375,-0.0094,2.8608,2.2767,0.1909,+0.2662,5.1434,15.6375
8,0.89,5.0294,-0.0234,2.8038,2.2256,0.0935,+0.3865,4.2067,14.0013
9,0.88,5.0161,-0.0268,2.8186,2.1976,0.1773,+0.2490,4.5544,14.9502
10,0.86,4.9797,-0.0483,2.8182,2.1615,0.1194,+0.1582,3.4729,13.1951
11,0.87,4.9662,-0.0226,2.8098,2.1565,0.1496,+0.2463,3.1097,11.6695
12,0.87,4.9514,+0.0030,2.8143,2.1371,0.1352,+0.0936,2.6564,11.5890
13,0.87,4.9109,-0.0385,2.8171,2.0938,0.1440,+0.3515,3.0561,11.0027
14,0.89,4.8927,-0.0568,2.8197,2.0731,0.1435,+0.3443,2.9711,10.0646
15,0.88,4.9350,-0.0319,2.8032,2.1317,0.1375,+0.3485,2.7734,10.6117
16,0.86,4.8818,-0.0391,2.8022,2.0797,0.0959,+0.3892,2.7227,9.1148
17,0.88,4.8767,-0.0404,2.7950,2.0817,0.0828,+0.3945,2.7140,9.0579
18,0.87,4.8902,-0.0688,2.7633,2.1270,0.1089,+0.4020,2.7974,9.5309
19,0.88,4.8182,-0.0058,2.7729,2.0453,0.0581,+0.4316,3.0360,9.5692
20,0.89,4.8085,+0.0191,2.7891,2.0194,0.0667,+0.5786,2.4682,9.2453
21,0.89,4.8081,+0.0055,2.7509,2.0572,0.0641,+0.5518,2.6378,9.6436
22,0.88,4.7799,+0.0066,2.7089,2.0710,0.0583,+0.5211,2.2412,8.0550
23,0.88,4.8208,+0.0154,2.7466,2.0742,0.0695,+0.4495,2.6624,8.9433
24,0.87,4.7696,-0.0032,2.7014,2.0683,0.0597,+0.2778,2.2012,6.9311
25,0.87,4.7685,+0.0277,2.7402,2.0282,0.0492,+0.3040,2.4969,7.6569
26,0.87,4.7490,-0.0160,2.7034,2.0456,0.0331,+0.3525,2.4803,7.3304
27,0.89,4.7625,-0.0262,2.7235,2.0390,0.0384,+0.3289,2.2904,6.6760
28,0.88,4.7665,+0.0117,2.7006,2.0659,0.0417,+0.4665,2.4820,6.8639
29,0.88,4.7717,-0.0279,2.6954,2.0762,0.0517,+0.3280,2.3636,7.2340
30,0.87,4.7567,-0.0069,2.6982,2.0586,0.0337,+0.4237,2.3036,7.1855
31,0.88,4.7238,-0.0031,2.6936,2.0302,0.0545,+0.4645,2.3489,6.7795
32,0.89,4.7915,-0.0089,2.7593,2.0323,0.0596,+0.4418,2.5618,7.1694
33,0.88,4.7765,+0.0219,2.7430,2.0335,0.0665,+0.4238,2.3562,7.2579
34,0.89,4.7956,-0.0280,2.7386,2.0570,0.0401,+0.4624,2.2463,7.5390
35,0.89,4.7480,-0.0077,2.7426,2.0054,0.0232,+0.4960,2.1857,6.8161
36,0.88,4.7884,+0.0122,2.7447,2.0436,0.0309,+0.4016,2.3368,6.9902
37,0.89,4.7901,+0.0088,2.7651,2.0251,0.0931,+0.3314,2.3629,7.5770
38,0.88,4.7599,+0.0019,2.7431,2.0168,0.0348,+0.5667,2.1638,7.6367
39,0.88,4.8081,+0.0015,2.7870,2.0211,0.0477,+0.5341,2.0483,8.4262
40,0.89,4.7712,-0.0036,2.7834,1.9878,0.0995,+0.6348,2.4533,8.5405
41,0.90,4.8000,-0.0138,2.7521,2.0480,0.0484,+0.6096,2.3536,7.9090
42,0.86,4.7713,-0.0158,2.7570,2.0143,0.0344,+0.6605,2.1742,6.7965
43,0.88,4.7860,-0.0123,2.7573,2.0287,0.0391,+0.5801,2.5966,7.6174
44,0.90,4.7620,+0.0007,2.7338,2.0282,0.0270,+0.5985,2.3943,7.6837
45,0.88,4.7295,-0.0003,2.7007,2.0288,0.0230,+0.3947,2.3911,7.5361
46,0.89,4.7589,+0.0016,2.7780,1.9809,0.0435,+0.3808,2.4496,7.1604
47,0.87,4.7547,-0.0024,2.7485,2.0061,0.0195,+0.5998,2.4728,7.0459
48,0.88,4.7542,+0.0090,2.7321,2.0221,0.0226,+0.5356,2.3259,7.0545
49,0.88,4.7766,-0.0339,2.7741,2.0026,0.0304,+0.3586,2.3846,7.0179
50,0.88,4.7746,+0.0070,2.7625,2.0120,0.0410,+0.2549,2.1158,7.1769
51,0.88,4.7474,-0.0052,2.7529,1.9944,0.0863,+0.4763,2.0595,6.6899
52,0.91,4.7661,+0.0162,2.7300,2.0361,0.0264,+0.3600,2.3925,7.3099
53,0.88,4.7542,+0.0220,2.7241,2.0301,0.0191,+0.4128,2.3803,6.9544
54,0.89,4.7654,+0.0136,2.7088,2.0566,0.0159,+0.5934,2.0990,6.3392
55,0.89,4.7594,-0.0161,2.6852,2.0743,0.0097,+0.5958,2.1535,6.5763
56,0.89,4.7648,-0.0007,2.7043,2.0606,0.0206,+0.5336,1.8921,6.2790
57,0.89,4.7516,+0.0118,2.7125,2.0392,0.0214,+0.4659,1.8812,5.6025
58,0.89,4.7369,+0.0016,2.7287,2.0082,0.0299,+0.5999,2.0347,6.1663
59,0.89,4.7465,-0.0024,2.7370,2.0095,0.0144,+0.5672,1.9700,6.1364
60,0.88,4.7318,-0.0042,2.7535,1.9784,0.0149,+0.6204,1.7097,5.7121
61,0.88,4.7288,+0.0076,2.7267,2.0021,0.0160,+0.5898,1.8949,5.6744
62,0.90,4.7552,-0.0196,2.7132,2.0419,0.0240,+0.5630,1.8061,5.6989
63,0.89,4.7407,-0.0093,2.6790,2.0618,0.0168,+0.6390,2.0047,5.3734
64,0.89,4.7333,+0.0017,2.7014,2.0319,0.0132,+0.4262,1.7616,5.0456
65,0.89,4.7133,+0.0156,2.7011,2.0122,0.0287,+0.2918,1.4679,4.8040
66,0.89,4.7299,-0.0101,2.6906,2.0393,0.0174,+0.3500,1.6932,5.2239
67,0.89,4.7409,+0.0009,2.6920,2.0489,0.0156,+0.3710,1.7714,5.3493
68,0.88,4.7481,+0.0068,2.6934,2.0547,0.0165,+0.4199,2.3576,5.5562
69,0.90,4.7419,+0.0040,2.6688,2.0731,0.0192,+0.3751,2.3758,5.7133
70,0.88,4.7383,-0.0074,2.6909,2.0475,0.0213,+0.1286,1.7435,4.6822
71,0.88,4.7516,+0.0016,2.7013,2.0503,0.0502,+0.1682,1.8567,4.7569
72,0.87,4.7355,+0.0212,2.6864,2.0491,0.0217,+0.1355,1.4717,4.3985
73,0.89,4.7330,-0.0085,2.6850,2.0480,0.0126,+0.1782,1.6878,4.9659
74,0.86,4.7195,-0.0033,2.6962,2.0234,0.0165,+0.0998,1.5283,4.7832
75,0.88,4.7441,+0.0031,2.7409,2.0032,0.0167,+0.1807,1.4723,4.5923
76,0.89,4.7394,+0.0067,2.7346,2.0048,0.0197,+0.0856,1.5506,4.8646
77,0.88,4.7394,-0.0083,2.7454,1.9940,0.0247,+0.0693,1.5032,4.6080
78,0.88,4.7390,+0.0021,2.7633,1.9756,0.0490,-0.1122,1.5336,4.6304
79,0.88,4.7367,+0.0152,2.7371,1.9995,0.0328,-0.1632,1.5964,4.3377
80,0.89,4.7157,+0.0082,2.6689,2.0468,0.0154,-0.1549,1.6542,4.6807
81,0.88,4.7171,-0.0117,2.6966,2.0206,0.0130,-0.2175,1.4518,4.3110
82,0.89,4.7487,-0.0076,2.7161,2.0326,0.0541,-0.3121,1.7481,4.9422
83,0.89,4.7508,-0.0019,2.7331,2.0177,0.0409,-0.3015,1.5631,4.0735
84,0.88,4.7365,+0.0018,2.7133,2.0232,0.0134,-0.2130,1.6304,4.3224
85,0.90,4.7637,-0.0112,2.7430,2.0207,0.0233,-0.1319,1.7997,4.7771
86,0.89,4.7553,-0.0027,2.7087,2.0466,0.0359,-0.0866,1.7383,4.2838
87,0.88,4.7220,+0.0012,2.6633,2.0586,0.0157,-0.0978,1.6485,4.1902
88,0.88,4.7334,-0.0120,2.6724,2.0610,0.0106,-0.0327,1.6973,4.3244
89,0.87,4.7437,+0.0099,2.7168,2.0269,0.0194,-0.1491,1.7804,4.2577
90,0.89,4.7355,+0.0019,2.7096,2.0259,0.0150,-0.1611,1.7678,4.2594
91,0.87,4.7386,+0.0060,2.7018,2.0368,0.0539,-0.2362,2.0493,4.8306
92,0.88,4.7338,+0.0030,2.6963,2.0375,0.0175,-0.1601,2.0110,4.7266
93,0.89,4.7159,+0.0044,2.6572,2.0587,0.0135,-0.1452,1.9288,4.4120
94,0.88,4.7291,+0.0084,2.6602,2.0689,0.0113,-0.1009,1.8981,4.5476
95,0.89,4.7311,+0.0104,2.7138,2.0173,0.0156,-0.0475,2.1491,5.1444
96,0.90,4.7634,+0.0056,2.7326,2.0308,0.0836,-0.0756,2.4574,5.6514
97,0.88,4.7237,+0.0053,2.7080,2.0157,0.0184,+0.1108,1.6713,4.6505
98,0.87,4.7255,+0.0065,2.6793,2.0462,0.0154,+0.0401,1.9798,4.8607
99,0.89,4.7376,-0.0093,2.6671,2.0706,0.0203,+0.1491,1.8520,5.1423
100,0.89,4.7422,-0.0117,2.7101,2.0321,0.0306,+0.0689,1.7935,4.6124
101,0.89,4.7299,-0.0061,2.6878,2.0421,0.0215,+0.1493,1.7474,4.4472
102,0.90,4.7312,-0.0014,2.6868,2.0443,0.0131,+0.0903,1.8889,4.7410
103,0.87,4.7178,-0.0073,2.6721,2.0457,0.0170,+0.2071,1.7968,4.3106
104,0.88,4.7355,-0.0041,2.6766,2.0588,0.0201,+0.1496,1.6197,4.3260
105,0.89,4.7783,-0.0015,2.7723,2.0060,0.0909,+0.0996,1.7576,4.5337
106,0.90,4.7397,+0.0034,2.7292,2.0105,0.0128,+0.1552,1.8786,4.6711
107,0.90,4.7591,-0.0022,2.7549,2.0041,0.0201,+0.2542,2.1942,5.0222
108,0.87,4.7486,+0.0012,2.7724,1.9762,0.1002,+0.3047,2.2504,4.7777
109,0.87,4.7462,-0.0069,2.7213,2.0250,0.0193,+0.3146,2.4162,5.1960
110,0.88,4.7695,-0.0067,2.7947,1.9748,0.0477,+0.2039,2.1535,5.0677
111,0.88,4.7469,-0.0057,2.7713,1.9756,0.0420,+0.1681,1.8435,4.9797
112,0.87,4.7672,+0.0007,2.7880,1.9792,0.0513,+0.2249,1.8806,4.8010
113,0.88,4.7513,+0.0044,2.7605,1.9908,0.0210,+0.1890,2.1128,5.0395
114,0.88,4.7301,-0.0074,2.7265,2.0036,0.0278,+0.2896,1.7547,4.4454
115,0.89,4.7470,-0.0113,2.7194,2.0276,0.0272,+0.1365,1.6575,4.7314
116,0.89,4.7429,+0.0075,2.7046,2.0383,0.0309,+0.1853,1.9847,5.0022
117,0.88,4.7355,+0.0048,2.6847,2.0509,0.0104,+0.1093,1.9212,4.7511
118,0.90,4.7377,+0.0020,2.6950,2.0427,0.0161,+0.0933,1.8509,4.4933
119,0.88,4.7539,+0.0041,2.7391,2.0149,0.0223,+0.1544,2.0164,4.7237
120,0.88,4.7461,+0.0152,2.7625,1.9836,0.0244,+0.1345,2.0570,5.0522
121,0.88,4.7364,-0.0043,2.7244,2.0120,0.0164,+0.2487,2.0749,4.8848
122,0.89,4.7604,+0.0146,2.7862,1.9742,0.0615,+0.1807,2.3168,5.1701
123,0.87,4.7525,+0.0078,2.7597,1.9928,0.0159,+0.0141,2.1249,5.3634
124,0.89,4.7750,+0.0053,2.7828,1.9922,0.0402,+0.1761,2.1824,5.2614
125,0.88,4.7405,+0.0085,2.7237,2.0168,0.0196,+0.1351,1.9279,4.7162
126,0.88,4.7513,+0.0109,2.7419,2.0094,0.0131,+0.0922,2.3022,5.3143
127,0.89,4.7215,+0.0026,2.6829,2.0386,0.0092,-0.0203,2.0012,4.8191
128,0.89,4.7487,-0.0039,2.6944,2.0543,0.0187,-0.0676,2.2176,5.0745
129,0.90,4.7375,+0.0074,2.7240,2.0134,0.0357,-0.2008,2.1314,4.3673
130,0.88,4.7529,-0.0041,2.7594,1.9935,0.0408,-0.2003,2.0716,4.6023
131,0.86,4.7297,+0.0020,2.7035,2.0262,0.0548,-0.2692,1.9833,4.4085
132,0.89,4.7271,+0.0034,2.6958,2.0314,0.0140,-0.2288,2.1647,4.6940
133,0.88,4.7602,+0.0191,2.7191,2.0411,0.0436,-0.3325,2.0377,5.3259
134,0.87,4.7200,+0.0050,2.7053,2.0147,0.0273,+0.0194,1.5866,3.8274
135,0.89,4.7406,+0.0119,2.7074,2.0332,0.0326,-0.1591,1.7926,4.9809
136,0.90,4.7299,-0.0003,2.6847,2.0452,0.0162,-0.1246,1.7912,4.4609
137,0.88,4.7453,-0.0042,2.7359,2.0095,0.0347,-0.2020,1.8821,4.5813
138,0.88,4.7370,-0.0063,2.6927,2.0443,0.0200,-0.2073,1.9106,4.8077
139,0.89,4.7287,+0.0048,2.6875,2.0412,0.0135,-0.0539,2.3687,5.1842
140,0.90,4.7246,+0.0014,2.6791,2.0455,0.0101,-0.1339,1.9604,5.0120
141,0.89,4.7220,+0.0087,2.6765,2.0455,0.0085,-0.1308,1.9689,4.8793
142,0.88,4.7131,-0.0002,2.6770,2.0361,0.0104,-0.1043,2.0418,4.8638
143,0.89,4.7208,+0.0069,2.6787,2.0421,0.0165,-0.0938,2.0010,4.6505
144,0.88,4.6908,-0.0032,2.6654,2.0254,0.0297,-0.0924,1.9686,4.8153
145,0.89,4.7330,-0.0064,2.6745,2.0585,0.0100,-0.2459,2.0656,5.1950
146,0.88,4.7145,-0.0008,2.6595,2.0550,0.0073,-0.1219,1.8093,4.4829
147,0.89,4.7371,+0.0002,2.7040,2.0331,0.0209,-0.1362,2.0069,4.6975
148,0.88,4.7373,-0.0074,2.7253,2.0120,0.0142,-0.0250,2.0196,4.7417
149,0.87,4.7352,-0.0101,2.7333,2.0019,0.0075,-0.1238,1.8490,4.5161
150,0.89,4.7247,-0.0095,2.7066,2.0181,0.0085,-0.0954,1.5539,4.2558
151,0.88,4.7352,+0.0032,2.7074,2.0278,0.0209,-0.2744,1.6190,4.4773
152,0.88,4.7195,-0.0013,2.6515,2.0680,0.0067,-0.1280,1.7982,4.7148
153,0.87,4.7129,+0.0025,2.6574,2.0554,0.0062,-0.0361,1.6085,4.3512
154,0.88,4.7219,-0.0044,2.6877,2.0342,0.0106,+0.0369,1.8166,4.2432
155,0.88,4.7277,-0.0061,2.6977,2.0300,0.0171,+0.0022,1.8752,4.2084
156,0.89,4.7331,+0.0052,2.7063,2.0268,0.0245,-0.0081,1.8829,4.2698
157,0.89,4.7238,+0.0041,2.7037,2.0201,0.0139,-0.0053,1.6598,4.3731
158,0.89,4.7443,+0.0053,2.7275,2.0167,0.0212,+0.1429,1.7617,5.2591
159,0.89,4.7212,-0.0030,2.6972,2.0240,0.0070,+0.2584,1.5229,4.3541
160,0.89,4.7247,-0.0008,2.6807,2.0440,0.0117,+0.3329,1.5650,4.8312
161,0.88,4.7345,+0.0018,2.7156,2.0189,0.0151,+0.3125,1.5620,5.0801
162,0.91,4.7464,+0.0037,2.7538,1.9926,0.0144,+0.2895,1.6035,4.6355
163,0.89,4.7494,+0.0021,2.7640,1.9854,0.0236,+0.2279,1.6751,4.5049
164,0.87,4.7590,+0.0016,2.7635,1.9955,0.0180,+0.2175,1.5670,4.4091
165,0.89,4.7507,+0.0058,2.7727,1.9780,0.0349,+0.2528,1.6709,4.5575
166,0.88,4.7374,+0.0159,2.7389,1.9984,0.0370,+0.2139,1.4890,3.7370
167,0.87,4.7417,+0.0120,2.7285,2.0132,0.0205,+0.2451,1.7869,4.2127
168,0.88,4.7275,+0.0057,2.6927,2.0347,0.0195,+0.2380,2.0750,5.1199
169,0.86,4.7185,+0.0003,2.7037,2.0148,0.0071,+0.4110,1.8963,4.4667
170,0.89,4.7154,-0.0043,2.6877,2.0277,0.0054,+0.3143,1.8639,5.0912
171,0.88,4.7279,+0.0056,2.7503,1.9776,0.0228,+0.2703,1.7946,4.6065
172,0.89,4.7381,-0.0010,2.7520,1.9861,0.0083,+0.2037,1.6600,4.5805
173,0.88,4.7574,-0.0042,2.7639,1.9935,0.0286,+0.0972,1.7155,4.6229
174,0.88,4.7287,-0.0049,2.6870,2.0417,0.0067,+0.1232,1.6051,4.4489
175,0.90,4.7388,+0.0031,2.7199,2.0189,0.0288,+0.1100,1.6431,4.2060
176,0.89,4.7366,-0.0039,2.6857,2.0508,0.0082,+0.1958,1.7318,4.3961
177,0.88,4.7430,+0.0068,2.6841,2.0589,0.0241,+0.1299,1.8119,4.2917
178,0.90,4.7229,+0.0090,2.6481,2.0749,0.0074,+0.1757,1.7776,4.1784
179,0.91,4.7286,+0.0055,2.6538,2.0748,0.0093,+0.1534,1.8475,4.4076
180,0.87,4.7220,+0.0048,2.6631,2.0588,0.0075,+0.1488,1.8748,4.4739
181,0.88,4.7100,-0.0116,2.6926,2.0174,0.0090,+0.0527,1.8593,4.6288
182,0.87,4.7477,+0.0060,2.7561,1.9916,0.0245,+0.0192,1.8810,4.4817
183,0.87,4.7406,-0.0075,2.7356,2.0050,0.0146,+0.0516,2.1051,4.6067
184,0.88,4.7693,+0.0199,2.7770,1.9923,0.0384,+0.3144,1.6128,4.0962
185,0.87,4.7616,+0.0004,2.7807,1.9810,0.0499,+0.1450,1.8018,4.4158
186,0.89,4.7259,+0.0049,2.7457,1.9801,0.0132,+0.2050,1.9308,4.8638
187,0.90,4.7394,+0.0018,2.7576,1.9818,0.0087,+0.2594,2.0978,4.8819
188,0.88,4.7357,+0.0090,2.7731,1.9627,0.0142,+0.1852,2.0761,4.6099
189,0.87,4.7565,+0.0040,2.7837,1.9728,0.0370,+0.1368,2.0703,4.7486
190,0.89,4.7589,-0.0072,2.7844,1.9745,0.0235,+0.2799,2.2577,5.0464
191,0.88,4.7428,+0.0060,2.7240,2.0188,0.0101,+0.3511,2.3462,4.9784
192,0.88,4.7436,+0.0012,2.7400,2.0037,0.0233,+0.2244,2.2330,4.6568
193,0.88,4.7498,+0.0029,2.7877,1.9621,0.0245,+0.3067,2.2067,4.6361
194,0.87,4.7446,-0.0053,2.7700,1.9746,0.0130,+0.3869,2.3613,4.7677
195,0.89,4.7424,+0.0003,2.7824,1.9599,0.0120,+0.3648,2.2909,4.3741
196,0.89,4.7662,-0.0030,2.7935,1.9727,0.0378,+0.3931,2.4687,4.7387
197,0.88,4.7237,+0.0016,2.7458,1.9779,0.0395,+0.5175,2.2800,4.0976
198,0.87,4.7397,+0.0080,2.7383,2.0014,0.0138,+0.4569,2.9324,5.1628
199,0.89,4.7324,+0.0139,2.6934,2.0390,0.0076,+0.4677,2.7710,4.9886
200,0.89,4.7202,+0.0103,2.7010,2.0192,0.0061,+0.3699,2.5185,4.6914
201,0.86,4.7347,+0.0066,2.7134,2.0213,0.0084,+0.4405,2.6938,4.8041
202,0.86,4.7460,-0.0107,2.7341,2.0118,0.0179,+0.5109,2.8481,5.0168
203,0.87,4.7300,+0.0019,2.6978,2.0322,0.0083,+0.3454,2.6014,4.7782
204,0.84,4.7114,-0.0155,2.7090,2.0024,0.0073,+0.3896,2.5733,4.6067
205,0.87,4.7241,+0.0040,2.6973,2.0268,0.0074,+0.3042,2.6625,4.6402
206,0.88,4.7221,+0.0090,2.7331,1.9891,0.0120,+0.3776,2.5838,4.4830
207,0.88,4.7412,-0.0099,2.7287,2.0125,0.0134,+0.2538,2.8389,5.0836
208,0.86,4.7098,+0.0048,2.6923,2.0175,0.0052,+0.3913,2.5509,4.6522
209,0.87,4.7162,-0.0046,2.6859,2.0303,0.0046,+0.2452,2.5104,4.5896
210,0.86,4.7373,-0.0120,2.7257,2.0116,0.0136,+0.2672,2.3225,4.5840
211,0.86,4.7344,-0.0044,2.7282,2.0062,0.0092,+0.3179,2.4461,4.5932
212,0.87,4.7388,-0.0012,2.7281,2.0107,0.0106,+0.2709,2.3561,4.7682
213,0.86,4.7361,-0.0023,2.7317,2.0045,0.0099,+0.2175,2.3037,4.4134
214,0.87,4.7088,-0.0006,2.6688,2.0400,0.0070,+0.3271,2.2308,4.4685
215,0.87,4.7320,+0.0029,2.7022,2.0298,0.0089,+0.2196,2.1119,4.5836
216,0.88,4.7472,+0.0021,2.7528,1.9944,0.0184,+0.3436,2.2967,5.0760
217,0.87,4.7537,+0.0134,2.7574,1.9963,0.0259,+0.1263,1.9788,5.2119
218,0.88,4.7338,-0.0006,2.7242,2.0096,0.0209,+0.0420,1.4751,5.2077
219,0.87,4.7412,-0.0113,2.7412,2.0000,0.0153,-0.0913,1.3073,4.3261
220,0.88,4.7472,+0.0003,2.7519,1.9953,0.0126,-0.1358,1.4938,5.1801
221,0.86,4.7263,-0.0030,2.7358,1.9905,0.0126,-0.0473,1.3949,4.9582
222,0.87,4.7124,-0.0066,2.7112,2.0012,0.0063,+0.0562,1.4733,4.6265
223,0.87,4.7260,-0.0017,2.7271,1.9989,0.0158,+0.1069,1.2999,4.3799
224,0.87,4.7508,+0.0009,2.7662,1.9846,0.0616,+0.1394,1.4708,4.5693
225,0.87,4.7477,-0.0002,2.7354,2.0123,0.0261,+0.2619,1.7197,4.5405
226,0.88,4.7376,-0.0019,2.7370,2.0006,0.0258,+0.2464,1.6691,4.3492
227,0.87,4.7225,-0.0209,2.7106,2.0119,0.0198,+0.2211,1.8716,4.5504
228,0.87,4.7191,+0.0029,2.6804,2.0387,0.0067,+0.0585,1.3871,4.1637
229,0.87,4.7149,+0.0059,2.6665,2.0483,0.0058,-0.0399,1.2335,3.9148
230,0.87,4.7192,+0.0012,2.6784,2.0408,0.0052,+0.0477,1.4338,4.2510
231,0.86,4.7278,+0.0001,2.6667,2.0610,0.0110,-0.0040,1.5850,4.8300
232,0.88,4.7273,+0.0027,2.6583,2.0690,0.0057,+0.0714,1.6912,4.7757
233,0.87,4.7295,+0.0026,2.6846,2.0450,0.0116,+0.0495,1.4907,4.5679
234,0.88,4.7252,-0.0011,2.6790,2.0462,0.0053,+0.0607,1.4980,4.6046
235,0.89,4.7593,+0.0014,2.7574,2.0019,0.0730,-0.0449,1.5255,4.5927
236,0.87,4.7525,-0.0054,2.7264,2.0261,0.0147,+0.0557,1.5730,4.7493
237,0.87,4.7470,-0.0048,2.7275,2.0195,0.0110,+0.0422,1.5507,4.6819
238,0.86,4.7250,+0.0024,2.7405,1.9845,0.0070,+0.1596,1.5012,4.8044
239,0.87,4.7300,-0.0017,2.6930,2.0370,0.0077,+0.1151,1.5955,4.6620
240,0.88,4.7434,-0.0021,2.7262,2.0171,0.0176,+0.1467,1.5078,4.6192
241,0.88,4.7279,-0.0054,2.6921,2.0358,0.0151,+0.1432,1.4442,4.7431
242,0.88,4.7273,+0.0016,2.6737,2.0536,0.0114,+0.1834,1.4659,4.5682
243,0.87,4.7155,+0.0059,2.6479,2.0675,0.0075,+0.1727,1.8271,5.1638
244,0.88,4.7327,+0.0058,2.7072,2.0255,0.0098,+0.1871,1.7219,4.8806
245,0.88,4.7111,-0.0042,2.6761,2.0351,0.0039,+0.1639,1.7941,4.9282
246,0.88,4.7313,-0.0010,2.7019,2.0295,0.0067,+0.1930,1.7031,4.6194
247,0.88,4.7362,-0.0028,2.7014,2.0348,0.0078,+0.2137,1.6486,4.4876
248,0.88,4.7326,+0.0005,2.6828,2.0498,0.0059,+0.1524,1.8125,4.7870
249,0.87,4.7398,+0.0018,2.6962,2.0436,0.0121,+0.1676,1.7968,4.5570
250,0.88,4.7233,+0.0000,2.6494,2.0739,0.0047,+0.0736,1.8226,4.3439
251,0.88,4.7162,-0.0024,2.6282,2.0880,0.0059,+0.1517,1.6298,4.2455
252,0.86,4.7273,-0.0032,2.6580,2.0693,0.0053,+0.1093,1.6884,4.3609
253,0.86,4.7246,-0.0003,2.7019,2.0227,0.0066,+0.0366,1.6232,4.4686
254,0.88,4.7326,-0.0018,2.7021,2.0305,0.0110,-0.0468,1.6213,4.5257
255,0.88,4.7386,-0.0042,2.7062,2.0324,0.0133,-0.0701,1.6196,4.6187
256,0.88,4.7199,-0.0034,2.6822,2.0377,0.0048,-0.0369,1.4748,4.6004
257,0.87,4.7329,+0.0070,2.6849,2.0480,0.0102,-0.0329,1.4904,4.9553
258,0.88,4.7250,-0.0019,2.6834,2.0416,0.0103,-0.0099,1.4242,4.6010
259,0.88,4.7132,-0.0041,2.6952,2.0180,0.0050,+0.0446,1.5272,4.3342
260,0.88,4.7168,-0.0050,2.6600,2.0568,0.0061,+0.1193,1.4590,4.4202
261,0.88,4.7185,-0.0005,2.6475,2.0711,0.0040,+0.0726,1.4940,4.8287
262,0.89,4.7282,-0.0029,2.6743,2.0538,0.0075,+0.0220,1.2359,4.2502
263,0.88,4.7136,+0.0118,2.6599,2.0537,0.0154,-0.1042,1.2518,4.2534
264,0.86,4.7271,-0.0042,2.6620,2.0652,0.0095,-0.0609,1.5999,4.4971
265,0.87,4.7277,+0.0066,2.6752,2.0525,0.0086,-0.2259,1.5676,4.3254
266,0.86,4.7375,-0.0065,2.7337,2.0038,0.0191,-0.1300,1.5677,3.9969
267,0.87,4.7312,-0.0007,2.7299,2.0013,0.0097,-0.1224,1.4518,4.5101
268,0.88,4.7286,-0.0071,2.7318,1.9968,0.0095,+0.1415,1.7189,4.6294
269,0.87,4.7352,+0.0005,2.7551,1.9801,0.0356,+0.2823,1.7861,4.7311
270,0.88,4.7500,-0.0083,2.7552,1.9948,0.0433,+0.0968,1.8301,5.1965
271,0.87,4.7368,+0.0011,2.7569,1.9798,0.0150,+0.0901,1.2430,5.2734
272,0.86,4.7522,-0.0021,2.7740,1.9782,0.0190,+0.1037,1.4610,5.2272
273,0.85,4.7280,+0.0042,2.7545,1.9734,0.0189,+0.1006,1.5412,4.9871
274,0.88,4.7373,+0.0049,2.7444,1.9930,0.0106,+0.0417,1.6585,5.0336
275,0.87,4.7199,+0.0008,2.7461,1.9738,0.0078,+0.0045,1.6270,4.8642
276,0.87,4.7373,-0.0023,2.7978,1.9395,0.0101,+0.0467,1.6016,4.7762
277,0.86,4.7600,+0.0088,2.7742,1.9859,0.0713,+0.0566,1.8127,4.8856
278,0.86,4.7247,-0.0018,2.7099,2.0148,0.0106,-0.0915,1.9187,5.0415
279,0.88,4.7320,-0.0025,2.7340,1.9980,0.0109,-0.0960,1.7286,4.5637
280,0.86,4.7305,-0.0012,2.7142,2.0163,0.0192,-0.0661,1.7807,4.6016
281,0.88,4.7505,-0.0039,2.7128,2.0377,0.0244,+0.0341,1.6489,4.7336
282,0.88,4.7267,+0.0003,2.7040,2.0227,0.0157,+0.0974,1.6847,4.8562
283,0.86,4.7433,+0.0076,2.7319,2.0114,0.0120,+0.1115,1.7743,4.8150
284,0.87,4.7539,-0.0002,2.7648,1.9891,0.0368,+0.2541,1.8120,4.9540
285,0.88,4.7341,-0.0019,2.6794,2.0547,0.0074,+0.3747,1.9354,4.9135
286,0.89,4.7475,+0.0035,2.6822,2.0653,0.0148,+0.2438,1.8037,4.7090
287,0.87,4.7498,+0.0065,2.6667,2.0831,0.0096,+0.4260,1.8490,4.9760
288,0.87,4.7478,+0.0046,2.7215,2.0263,0.0238,+0.3370,1.7136,4.4022
289,0.87,4.7321,+0.0038,2.6899,2.0422,0.0056,+0.3397,1.8966,4.5974
290,0.86,4.7447,-0.0014,2.7048,2.0399,0.0104,+0.3446,2.0077,4.6719
291,0.87,4.7441,+0.0012,2.6676,2.0764,0.0066,+0.3200,2.1101,5.0674
292,0.85,4.7359,-0.0018,2.6717,2.0642,0.0065,+0.2365,1.9265,4.8782
293,0.87,4.7284,+0.0068,2.6506,2.0778,0.0071,+0.2535,1.5160,4.5909
294,0.86,4.7261,+0.0005,2.6680,2.0580,0.0042,+0.3059,1.6506,4.9165
295,0.88,4.7251,-0.0016,2.6693,2.0558,0.0056,+0.4080,1.9316,4.9948
296,0.86,4.7332,-0.0093,2.6725,2.0606,0.0137,+0.4742,1.8846,4.7718
297,0.86,4.7237,-0.0044,2.6395,2.0843,0.0045,+0.4217,2.1018,4.9734
298,0.88,4.7214,+0.0012,2.6502,2.0711,0.0038,+0.3319,2.0342,4.8578
299,0.87,4.7233,-0.0032,2.6792,2.0441,0.0032,+0.3490,2.1366,4.8657
300,0.88,4.7262,+0.0002,2.6953,2.0308,0.0044,+0.4258,1.8708,4.6093
301,0.86,4.7327,+0.0048,2.6934,2.0393,0.0105,+0.5059,2.0159,4.3923
302,0.88,4.7287,+0.0006,2.6782,2.0505,0.0073,+0.3507,1.9200,4.1942
303,0.88,4.7275,+0.0009,2.6799,2.0476,0.0048,+0.3525,2.1554,4.6057
304,0.89,4.7507,+0.0081,2.7330,2.0178,0.0165,+0.3003,1.9244,4.3535
305,0.88,4.7459,-0.0065,2.7301,2.0157,0.0248,+0.3421,2.0279,4.5178
306,0.85,4.7325,+0.0062,2.6807,2.0518,0.0103,+0.0996,1.8825,4.2897
307,0.88,4.7496,+0.0054,2.6700,2.0796,0.0081,+0.3213,1.7117,4.6397
308,0.87,4.7410,-0.0139,2.6942,2.0468,0.0245,+0.1977,1.7329,4.2353
309,0.87,4.7329,-0.0047,2.6820,2.0509,0.0095,+0.3160,1.6611,4.2634
310,0.88,4.7466,+0.0085,2.6927,2.0540,0.0142,+0.3991,1.7129,4.0140
311,0.86,4.7640,-0.0064,2.7226,2.0414,0.0433,+0.4574,1.7255,3.8974
312,0.87,4.7480,-0.0031,2.7699,1.9781,0.0158,+0.5826,2.1871,4.3019
313,0.87,4.7354,-0.0047,2.7351,2.0003,0.0110,+0.4883,2.1268,4.2535
314,0.89,4.7333,-0.0031,2.6960,2.0373,0.0073,+0.4686,2.0822,4.3575
315,0.87,4.7592,-0.0062,2.7340,2.0252,0.0173,+0.6449,2.2685,4.5715
316,0.85,4.7366,-0.0095,2.6985,2.0381,0.0092,+0.6083,2.1548,4.3704
317,0.87,4.7319,-0.0018,2.6498,2.0821,0.0080,+0.5193,1.9700,3.9642
318,0.87,4.7375,-0.0041,2.6459,2.0915,0.0074,+0.4386,1.8570,4.2540
319,0.87,4.7356,-0.0006,2.6597,2.0758,0.0046,+0.4766,1.9622,4.3657
320,0.88,4.7306,+0.0004,2.6864,2.0442,0.0043,+0.3924,2.1844,4.3476
321,0.88,4.7413,-0.0003,2.6887,2.0526,0.0079,+0.4780,2.2732,5.3967
322,0.86,4.7291,+0.0021,2.6852,2.0439,0.0038,+0.4748,1.9967,4.7667
323,0.87,4.7348,-0.0021,2.6866,2.0482,0.0057,+0.5517,2.0800,4.9760
324,0.88,4.7163,-0.0029,2.6670,2.0492,0.0037,+0.5344,2.1408,4.7724
325,0.86,4.7415,-0.0048,2.7046,2.0369,0.0067,+0.4574,2.0629,4.6881
326,0.87,4.7353,+0.0061,2.7090,2.0263,0.0060,+0.4665,2.0601,4.5786
327,0.88,4.7467,+0.0076,2.7033,2.0434,0.0106,+0.4907,2.2609,4.9324
328,0.87,4.7371,+0.0014,2.7238,2.0133,0.0101,+0.5137,2.0865,4.9485
329,0.88,4.7778,-0.0049,2.7964,1.9814,0.0538,+0.5739,2.3093,5.1072
330,0.87,4.7465,+0.0135,2.7210,2.0255,0.0201,+0.4032,1.9157,4.3071
331,0.88,4.7527,-0.0022,2.7111,2.0416,0.0157,+0.3733,2.4720,5.3057
332,0.87,4.7106,+0.0013,2.6896,2.0210,0.0075,+0.1648,1.8540,4.1572
333,0.86,4.7386,-0.0011,2.6949,2.0437,0.0113,+0.1885,1.9050,4.1697
334,0.89,4.7316,+0.0068,2.6936,2.0380,0.0074,+0.1604,1.9935,4.1746
335,0.86,4.7402,-0.0061,2.7171,2.0231,0.0160,+0.2365,2.2043,4.3890
336,0.86,4.7416,-0.0069,2.7344,2.0071,0.0147,+0.1755,2.1787,4.3787
337,0.87,4.7301,+0.0025,2.7033,2.0268,0.0090,+0.2095,2.1892,4.5098
338,0.87,4.7509,-0.0037,2.7680,1.9828,0.0277,+0.2206,2.1064,4.2984
339,0.87,4.7309,-0.0058,2.7013,2.0296,0.0099,+0.1879,1.9145,4.2123
340,0.86,4.7410,-0.0079,2.7215,2.0195,0.0138,+0.1023,1.8133,4.0733
341,0.86,4.7507,-0.0138,2.7141,2.0366,0.0128,+0.1587,2.1281,4.7589
342,0.89,4.7234,-0.0050,2.7274,1.9960,0.0286,+0.1536,1.5443,3.1403
343,0.87,4.7570,-0.0026,2.7502,2.0068,0.0261,+0.1161,2.0315,4.2083
344,0.88,4.7660,+0.0021,2.7722,1.9938,0.0498,+0.1152,2.3071,4.6081
345,0.86,4.7415,-0.0022,2.6920,2.0495,0.0082,+0.0414,2.2205,4.5798
346,0.87,4.7271,-0.0057,2.6734,2.0537,0.0057,+0.1271,1.8059,4.0245
347,0.86,4.7203,-0.0008,2.6845,2.0358,0.0043,+0.2039,1.8287,4.1888
348,0.85,4.7257,-0.0033,2.7046,2.0211,0.0066,+0.1795,1.8015,4.0561
349,0.88,4.7132,-0.0051,2.6613,2.0520,0.0035,+0.0854,1.6526,3.8959
350,0.89,4.7240,-0.0045,2.6972,2.0268,0.0070,+0.1962,1.7652,4.3478
351,0.87,4.7258,+0.0027,2.7179,2.0079,0.0046,+0.1015,1.7571,4.3258
352,0.86,4.7270,+0.0041,2.6960,2.0310,0.0066,+0.0828,1.6849,4.1940
353,0.88,4.7323,+0.0113,2.7075,2.0247,0.0077,-0.0121,1.7875,4.3274
354,0.86,4.7166,+0.0131,2.6877,2.0289,0.0082,-0.1984,1.8442,4.4773
355,0.87,4.7200,+0.0064,2.6820,2.0380,0.0065,-0.3245,1.9069,4.6431
356,0.87,4.7600,-0.0020,2.7374,2.0226,0.0248,-0.3554,1.8932,4.5780
357,0.85,4.7195,+0.0030,2.7302,1.9892,0.0090,-0.2922,1.6079,3.9086
358,0.87,4.7513,+0.0018,2.7574,1.9939,0.0269,-0.2341,1.6010,3.9486
359,0.87,4.7351,+0.0006,2.7319,2.0032,0.0109,-0.2644,1.6317,4.1099
360,0.86,4.7244,-0.0022,2.7087,2.0157,0.0067,-0.2299,1.6817,4.4114
361,0.88,4.7223,+0.0015,2.7374,1.9850,0.0064,-0.2408,1.6628,4.4198
362,0.87,4.7138,+0.0029,2.6982,2.0156,0.0054,-0.2608,1.7889,4.6346
363,0.88,4.7451,+0.0054,2.7442,2.0009,0.0171,-0.1832,1.8540,4.5973
364,0.87,4.7270,+0.0064,2.6890,2.0379,0.0066,-0.1051,1.7696,4.6686
365,0.87,4.7309,+0.0024,2.6858,2.0452,0.0090,+0.0075,1.7217,4.5442
366,0.87,4.7326,-0.0042,2.7188,2.0138,0.0104,+0.0332,1.7031,4.5018
367,0.88,4.7253,+0.0046,2.7021,2.0231,0.0069,+0.1395,1.7389,4.2966
368,0.86,4.7393,-0.0050,2.7103,2.0290,0.0186,+0.1994,1.6894,4.1257
369,0.87,4.7473,-0.0019,2.6785,2.0688,0.0313,+0.2414,1.8476,4.2461
370,0.87,4.7317,-0.0025,2.6901,2.0416,0.0087,+0.1290,1.6815,4.2760
371,0.88,4.7394,-0.0032,2.7314,2.0080,0.0154,+0.1359,2.0490,4.3591
372,0.88,4.7289,+0.0019,2.7269,2.0020,0.0094,+0.1913,1.9579,4.2719
373,0.88,4.7147,+0.0038,2.6987,2.0160,0.0033,+0.0987,2.0901,4.3204
374,0.88,4.7392,+0.0017,2.7218,2.0174,0.0098,+0.1999,2.0813,4.5676
375,0.86,4.7412,+0.0028,2.6971,2.0441,0.0067,+0.2116,2.1011,4.8054
376,0.88,4.7367,-0.0023,2.6999,2.0369,0.0089,+0.2854,1.7151,4.2477
377,0.87,4.7246,+0.0047,2.7134,2.0112,0.0220,+0.2732,1.6261,3.9780
378,0.88,4.7467,+0.0010,2.7316,2.0150,0.0180,+0.0998,1.8127,4.3061
379,0.87,4.7262,+0.0008,2.6894,2.0368,0.0048,+0.1395,1.7801,4.1320
380,0.88,4.7405,-0.0003,2.7015,2.0390,0.0101,+0.3328,1.8815,4.1791
381,0.85,4.7295,-0.0023,2.6743,2.0553,0.0090,+0.4616,1.6306,3.6189
382,0.87,4.7316,-0.0001,2.6546,2.0769,0.0091,+0.4379,1.9068,3.8365
383,0.86,4.7199,-0.0005,2.6518,2.0681,0.0037,+0.3169,1.7988,4.0227
384,0.88,4.7262,+0.0020,2.6907,2.0356,0.0064,+0.3386,1.7076,3.8089
385,0.87,4.7158,-0.0021,2.6815,2.0343,0.0030,+0.4443,1.7794,3.8941
386,0.88,4.7191,+0.0062,2.6910,2.0281,0.0033,+0.4939,1.7726,4.0625
387,0.88,4.7203,-0.0014,2.7024,2.0179,0.0045,+0.6260,1.9018,4.3250
388,0.87,4.7278,+0.0114,2.7085,2.0194,0.0104,+0.6922,1.8383,4.5092
389,0.86,4.7336,+0.0023,2.7410,1.9926,0.0094,+0.5915,1.9038,4.4181
390,0.87,4.7250,+0.0066,2.7113,2.0137,0.0043,+0.6427,1.8382,4.5257
391,0.87,4.7312,+0.0054,2.7011,2.0302,0.0045,+0.5706,1.8357,4.4535
392,0.87,4.7303,-0.0035,2.6870,2.0433,0.0068,+0.5198,1.8731,4.4347
393,0.89,4.7390,-0.0033,2.7015,2.0375,0.0074,+0.4010,1.9230,4.4434
394,0.88,4.7381,+0.0069,2.7050,2.0331,0.0081,+0.4156,1.8941,4.3980
395,0.88,4.7281,-0.0011,2.6777,2.0505,0.0025,+0.4113,1.9414,4.7266
396,0.88,4.7340,+0.0013,2.6884,2.0457,0.0097,+0.3158,1.7825,4.3041
397,0.87,4.7282,+0.0075,2.6806,2.0477,0.0075,+0.3365,1.9151,4.6854
398,0.87,4.8039,+0.0074,2.7734,2.0305,0.2334,+0.4488,2.1720,5.4862
399,0.85,4.7075,+0.0038,2.6730,2.0346,0.0305,+0.3436,1.6962,4.3928
400,0.88,4.7485,+0.0001,2.7350,2.0135,0.0167,+0.3201,1.8503,4.5275
401,0.87,4.7609,+0.0045,2.7418,2.0191,0.0157,+0.2118,1.8633,4.6207
402,0.86,4.7596,+0.0024,2.7601,1.9995,0.0246,+0.2129,1.8014,4.5375
403,0.85,4.7252,-0.0041,2.6983,2.0269,0.0053,+0.2993,1.6702,4.2400
404,0.87,4.7211,-0.0118,2.7002,2.0209,0.0040,+0.3632,1.7044,4.2230
405,0.86,4.7243,+0.0006,2.7077,2.0166,0.0046,+0.3457,1.8244,4.5558
406,0.86,4.7395,+0.0003,2.7209,2.0186,0.0047,+0.3295,1.8564,4.5793
407,0.86,4.7283,+0.0009,2.7206,2.0077,0.0142,+0.2947,1.7223,4.2060
408,0.87,4.7251,-0.0005,2.6959,2.0291,0.0068,+0.1856,2.0722,4.7574
409,0.86,4.7198,-0.0005,2.6972,2.0227,0.0037,+0.1660,1.8286,4.3644
410,0.88,4.7204,+0.0012,2.7232,1.9972,0.0046,+0.1225,1.7896,4.2788
411,0.86,4.7200,+0.0065,2.7325,1.9875,0.0181,+0.1835,1.9773,4.2858
412,0.85,4.7204,+0.0001,2.7195,2.0010,0.0055,+0.1510,1.9278,4.3908
413,0.86,4.7289,+0.0042,2.7273,2.0016,0.0069,+0.1170,2.0280,4.3040
414,0.84,4.7292,+0.0077,2.7019,2.0273,0.0049,+0.2463,2.2228,4.4223
415,0.87,4.7256,+0.0017,2.7124,2.0132,0.0041,+0.4750,2.2812,4.2682
416,0.86,4.7160,-0.0078,2.7250,1.9910,0.0081,+0.3658,2.0686,4.0539
417,0.84,4.7001,+0.0036,2.6956,2.0045,0.0182,+0.3211,1.7792,3.3372
418,0.85,4.7291,-0.0035,2.7221,2.0071,0.0106,+0.2478,2.3345,4.5355
419,0.85,4.7504,-0.0038,2.7620,1.9883,0.0230,+0.1387,2.0891,4.3295
420,0.85,4.7323,-0.0039,2.7336,1.9987,0.0198,+0.0989,2.2729,5.0340
421,0.85,4.7245,-0.0033,2.7284,1.9961,0.0295,+0.2862,1.9332,4.1588
422,0.86,4.7274,-0.0047,2.7780,1.9495,0.0060,+0.2323,1.8573,3.9729
423,0.86,4.7319,+0.0004,2.7691,1.9627,0.0073,+0.2747,2.1433,4.6231
424,0.89,4.7294,+0.0040,2.7571,1.9723,0.0061,+0.2550,2.0359,4.6189
425,0.86,4.7440,+0.0007,2.7855,1.9585,0.0089,+0.2936,1.9776,4.4732
426,0.87,4.7303,+0.0022,2.7565,1.9738,0.0067,+0.1855,2.1268,5.0119
427,0.83,4.7273,-0.0064,2.7414,1.9859,0.0079,+0.2012,2.1834,4.9062
428,0.87,4.7470,-0.0041,2.7983,1.9487,0.0132,+0.2552,2.0384,4.6231
429,0.86,4.7364,-0.0028,2.7677,1.9688,0.0130,+0.3117,1.9300,4.2691
430,0.88,4.7308,-0.0010,2.7108,2.0200,0.0059,+0.2649,2.0447,4.8167
431,0.88,4.7473,-0.0029,2.7091,2.0382,0.0139,+0.3126,1.7402,4.2582
432,0.86,4.7330,+0.0019,2.6896,2.0434,0.0182,+0.0446,1.8274,4.1873
433,0.86,4.7320,-0.0004,2.7212,2.0108,0.0085,+0.1862,1.8471,4.3975
434,0.86,4.7465,-0.0004,2.7241,2.0225,0.0081,+0.1388,1.9061,4.5121
435,0.87,4.7409,-0.0027,2.6784,2.0625,0.0061,+0.1148,1.9452,4.3440
436,0.86,4.7206,-0.0083,2.6776,2.0430,0.0085,+0.0894,1.8949,4.3749
437,0.86,4.7217,-0.0027,2.6867,2.0350,0.0041,+0.1140,1.8999,4.2952
438,0.86,4.7320,+0.0012,2.7127,2.0193,0.0104,+0.2022,1.8776,4.2723
439,0.89,4.7195,+0.0038,2.6668,2.0527,0.0106,+0.1476,1.5831,3.8190
440,0.85,4.7095,-0.0027,2.6295,2.0801,0.0039,+0.0469,1.6488,3.8955
441,0.87,4.7206,+0.0107,2.6359,2.0846,0.0042,+0.0997,1.4787,3.7960
442,0.85,4.7256,+0.0028,2.6411,2.0845,0.0058,+0.0122,1.4440,4.0539
443,0.88,4.7359,+0.0012,2.7435,1.9924,0.0369,+0.2760,1.6821,4.2379
444,0.86,4.7297,-0.0049,2.7089,2.0208,0.0121,+0.4533,1.8677,4.3937
445,0.86,4.7355,+0.0065,2.7259,2.0096,0.0092,+0.4137,2.1205,4.9642
446,0.88,4.7314,+0.0061,2.7177,2.0137,0.0055,+0.4295,2.1553,4.8860
447,0.85,4.7241,+0.0035,2.6925,2.0317,0.0060,+0.4071,2.1229,4.8834
448,0.86,4.7233,+0.0045,2.7053,2.0180,0.0058,+0.3594,1.9906,4.7202
449,0.86,4.7232,+0.0035,2.6838,2.0394,0.0083,+0.2510,2.0034,4.4193
450,0.85,4.7567,+0.0029,2.7512,2.0055,0.0447,+0.3944,1.8809,4.2832
451,0.85,4.7267,+0.0067,2.7215,2.0052,0.0107,+0.3350,1.8782,4.5503
452,0.86,4.7342,+0.0066,2.7228,2.0114,0.0273,+0.2816,1.9287,4.2623
453,0.85,4.7213,-0.0020,2.7511,1.9702,0.0140,+0.1800,1.8578,4.4821
454,0.86,4.7346,+0.0049,2.7369,1.9976,0.0074,+0.1732,1.9023,4.5907
455,0.86,4.7212,-0.0004,2.6930,2.0282,0.0067,+0.0726,2.0424,4.6824
456,0.86,4.7491,-0.0003,2.7246,2.0245,0.0255,+0.0831,1.9486,4.5752
457,0.85,4.7489,+0.0005,2.7412,2.0076,0.0250,-0.1095,1.8195,4.5995
458,0.86,4.7326,-0.0016,2.7248,2.0078,0.0082,-0.1064,2.0807,4.5926
459,0.86,4.7409,-0.0023,2.7059,2.0350,0.0061,-0.2834,2.1002,4.8247
460,0.87,4.7431,+0.0006,2.7026,2.0405,0.0138,-0.4534,1.9152,4.5369
461,0.84,4.7097,+0.0081,2.6878,2.0219,0.0311,-0.4828,1.2648,3.3357
462,0.87,4.7638,-0.0008,2.7067,2.0571,0.0533,-0.5346,2.0294,4.9163
463,0.88,4.7293,+0.0050,2.6569,2.0723,0.0115,-0.4832,2.1295,4.9752
464,0.86,4.7311,-0.0107,2.6941,2.0371,0.0089,-0.3704,1.9262,4.7436
465,0.87,4.7362,-0.0016,2.7152,2.0210,0.0094,-0.3862,1.7861,4.2776
466,0.88,4.7366,+0.0032,2.7001,2.0365,0.0070,-0.4278,1.8307,4.2036
467,0.87,4.7350,+0.0026,2.7130,2.0221,0.0041,-0.3421,1.9761,4.5648
468,0.86,4.7420,+0.0018,2.6861,2.0559,0.0123,-0.2079,2.2139,4.8773
469,0.86,4.7238,+0.0051,2.6879,2.0360,0.0054,-0.1607,1.9152,4.2679
470,0.86,4.7200,+0.0040,2.6782,2.0419,0.0097,-0.0529,1.9794,4.2813
471,0.88,4.7249,+0.0015,2.6804,2.0445,0.0064,+0.0390,1.7730,4.0847
472,0.87,4.7285,-0.0072,2.6620,2.0666,0.0119,+0.1547,1.7911,3.6949
473,0.87,4.7139,+0.0087,2.6267,2.0873,0.0069,+0.0411,1.7311,3.7269
474,0.86,4.7225,-0.0011,2.6483,2.0742,0.0074,+0.1036,1.8144,3.5909
475,0.85,4.7215,+0.0011,2.6780,2.0435,0.0074,+0.0945,1.6599,3.7685
476,0.87,4.7216,-0.0046,2.6676,2.0539,0.0039,+0.1522,1.7650,3.6261
477,0.87,4.7326,-0.0086,2.6704,2.0622,0.0076,+0.1458,1.8377,4.2596
478,0.88,4.7179,+0.0007,2.6660,2.0520,0.0033,+0.1275,1.7162,3.8733
479,0.86,4.7255,-0.0107,2.6964,2.0290,0.0070,+0.1788,1.7117,4.0477
480,0.86,4.7349,-0.0035,2.7184,2.0166,0.0058,+0.0931,1.6898,4.2987
481,0.85,4.7312,-0.0021,2.7155,2.0157,0.0102,+0.0860,1.6774,4.2451
482,0.85,4.6994,-0.0065,2.7258,1.9737,0.0474,+0.0447,1.2251,3.1565
483,0.86,4.7253,-0.0026,2.7132,2.0121,0.0071,+0.1125,1.5654,4.0242
484,0.85,4.7296,+0.0026,2.6625,2.0671,0.0079,+0.1221,1.6179,4.2243
485,0.87,4.7334,-0.0035,2.7272,2.0062,0.0217,+0.2813,1.4603,3.6128
486,0.85,4.7162,-0.0010,2.7207,1.9955,0.0078,+0.2459,1.5834,4.0412
487,0.86,4.7291,-0.0023,2.7209,2.0083,0.0044,+0.3851,1.8696,4.5434
488,0.82,4.7328,+0.0011,2.7098,2.0231,0.0055,+0.3199,1.7965,4.4937
489,0.85,4.7493,-0.0019,2.7720,1.9773,0.0098,+0.3257,1.6177,4.0192
490,0.85,4.7300,+0.0024,2.7334,1.9966,0.0069,+0.4565,1.5202,3.8064
491,0.85,4.7443,+0.0011,2.7095,2.0348,0.0072,+0.2898,1.5050,3.9387
492,0.85,4.7508,+0.0076,2.7551,1.9958,0.0329,+0.3101,1.5191,3.8569
493,0.87,4.7368,+0.0066,2.7459,1.9909,0.0259,+0.3338,1.4952,3.8478
494,0.86,4.7286,+0.0039,2.6958,2.0329,0.0074,+0.2936,1.4895,3.8909
495,0.88,4.7335,+0.0016,2.6959,2.0375,0.0039,+0.2823,1.5405,4.1425
496,0.88,4.7270,+0.0081,2.6719,2.0551,0.0052,+0.2227,1.6659,4.4506
497,0.84,4.7322,+0.0012,2.6979,2.0343,0.0062,+0.1618,1.6784,4.4684
498,0.87,4.7226,-0.0050,2.6885,2.0342,0.0185,+0.1747,1.6351,4.1210
499,0.85,4.7170,+0.0019,2.6680,2.0490,0.0036,+0.0087,1.5445,4.2881
500,0.85,4.7371,+0.0000,2.7216,2.0155,0.0096,-0.0077,1.4945,4.1687
501,0.85,4.7284,+0.0005,2.6804,2.0480,0.0036,+0.0839,1.5854,4.3771
502,0.88,4.7225,+0.0088,2.6916,2.0309,0.0038,+0.0550,1.4415,4.2438
503,0.86,4.7263,+0.0009,2.7261,2.0001,0.0047,+0.0687,1.6228,4.1297
504,0.86,4.7432,-0.0023,2.7382,2.0050,0.0110,+0.0442,1.7495,4.2570
505,0.87,4.7325,+0.0051,2.7447,1.9879,0.0095,+0.1027,1.5431,3.7820
506,0.86,4.7343,+0.0027,2.6941,2.0402,0.0075,-0.0016,1.4221,3.4697
507,0.84,4.7213,-0.0023,2.6770,2.0443,0.0054,+0.0079,1.3111,3.5406
508,0.85,4.7071,-0.0001,2.6658,2.0413,0.0053,-0.0166,1.4366,3.5625
509,0.86,4.7384,+0.0089,2.6904,2.0480,0.0152,-0.0776,1.7825,4.7993
510,0.88,4.7364,+0.0033,2.6983,2.0381,0.0075,+0.0038,1.4669,4.1064
511,0.86,4.7279,-0.0054,2.6959,2.0319,0.0081,-0.0491,1.5749,4.5139
512,0.85,4.7308,-0.0010,2.7043,2.0265,0.0050,-0.0241,1.6601,4.8258
513,0.87,4.7406,+0.0031,2.7112,2.0295,0.0043,-0.0255,1.7017,4.8964
514,0.84,4.7416,+0.0005,2.7460,1.9955,0.0373,-0.2706,1.5007,4.2084
515,0.86,4.7332,-0.0011,2.7187,2.0145,0.1079,-0.3066,1.6471,4.1813
516,0.85,4.7335,-0.0047,2.7637,1.9697,0.0118,-0.2269,1.4619,4.1921
517,0.86,4.7362,-0.0088,2.7709,1.9654,0.0117,-0.1872,1.5623,4.1311
518,0.86,4.7317,-0.0103,2.7332,1.9985,0.0175,-0.1239,1.5085,4.0923
519,0.84,4.7303,-0.0015,2.6913,2.0390,0.0151,-0.0671,1.3461,3.6973
520,0.87,4.7110,+0.0038,2.6409,2.0701,0.0167,-0.1420,1.2656,3.7276
521,0.87,4.7236,+0.0056,2.6705,2.0531,0.0069,-0.2210,1.4212,4.0511
522,0.86,4.7484,+0.0049,2.7443,2.0041,0.0182,-0.1844,1.3788,4.1091
523,0.86,4.7417,+0.0027,2.6978,2.0439,0.0196,-0.0818,1.5707,4.3740
524,0.87,4.7210,+0.0028,2.7124,2.0086,0.0059,+0.0682,1.5288,4.0567
525,0.86,4.7165,+0.0028,2.7014,2.0152,0.0045,-0.0243,1.5869,4.1057
526,0.87,4.7224,+0.0172,2.7085,2.0140,0.0059,+0.2190,1.6701,4.4784
527,0.85,4.7270,-0.0006,2.7149,2.0120,0.0045,+0.1411,1.8764,4.3563
528,0.85,4.7590,+0.0069,2.7842,1.9748,0.0197,+0.1034,1.8131,4.3559
529,0.84,4.7493,+0.0038,2.7817,1.9676,0.0176,+0.1029,1.8215,4.2930
530,0.85,4.7188,+0.0048,2.7301,1.9887,0.0207,-0.0637,1.4323,3.7776
531,0.85,4.7294,+0.0012,2.7127,2.0166,0.0079,-0.2311,1.7686,4.1598
532,0.84,4.7515,+0.0000,2.7367,2.0148,0.0211,-0.0628,1.7747,4.3329
533,0.86,4.7319,-0.0091,2.6767,2.0552,0.0079,-0.2793,1.7792,4.1828
534,0.87,4.7457,-0.0042,2.7091,2.0366,0.0152,-0.3831,1.8951,4.3305
535,0.89,4.7354,-0.0079,2.6993,2.0361,0.0100,-0.2618,1.6782,3.7371
536,0.87,4.7311,-0.0200,2.7035,2.0276,0.0095,-0.0504,1.6039,3.8930
537,0.86,4.7278,-0.0070,2.6776,2.0502,0.0065,-0.0518,1.6847,3.7218
538,0.87,4.7300,-0.0033,2.6558,2.0742,0.0057,+0.0111,1.6900,4.0292
539,0.86,4.7325,-0.0162,2.6293,2.1032,0.0153,-0.0269,2.0260,4.4683
540,0.84,4.7231,-0.0016,2.6567,2.0664,0.0100,-0.3572,1.8547,3.8445
541,0.84,4.7344,+0.0080,2.6441,2.0904,0.0044,-0.2782,2.1804,4.2105
542,0.87,4.7276,+0.0018,2.6557,2.0719,0.0058,-0.4702,2.1887,4.4920
543,0.85,4.7386,+0.0064,2.6961,2.0425,0.0166,-0.2781,1.9368,4.1281
544,0.86,4.7168,+0.0001,2.7008,2.0160,0.0050,-0.1445,1.7886,4.0512
545,0.85,4.7316,+0.0003,2.7288,2.0027,0.0056,-0.1196,1.8928,4.3401
546,0.87,4.7248,-0.0012,2.7185,2.0063,0.0061,-0.0927,1.7759,4.2399
547,0.85,4.7433,+0.0044,2.7366,2.0067,0.0268,-0.0782,1.9041,4.5361
548,0.89,4.7278,+0.0029,2.7123,2.0156,0.0082,+0.0553,1.7133,4.1115
549,0.84,4.7398,+0.0027,2.7294,2.0104,0.0064,+0.1683,1.8060,4.3184
550,0.88,4.7294,+0.0042,2.6703,2.0590,0.0036,+0.1041,1.8704,4.3007
551,0.86,4.7405,+0.0036,2.6746,2.0660,0.0048,+0.0916,1.7482,4.0278
552,0.86,4.7427,+0.0040,2.6732,2.0695,0.0134,+0.0497,2.0664,4.5061
553,0.87,4.7129,-0.0012,2.6680,2.0449,0.0124,-0.1368,2.0908,4.1022
554,0.87,4.7339,+0.0051,2.6752,2.0586,0.0030,-0.0687,2.1652,4.5974
555,0.86,4.7371,+0.0044,2.6879,2.0492,0.0041,-0.0683,2.3139,4.7287
556,0.87,4.7387,-0.0016,2.7106,2.0281,0.0049,-0.0569,2.0770,4.3971
557,0.85,4.7470,+0.0003,2.7356,2.0115,0.0133,-0.0745,1.9372,4.2265
558,0.86,4.7285,+0.0056,2.6961,2.0323,0.0126,-0.1365,1.7851,3.9322
559,0.86,4.7406,+0.0041,2.7279,2.0127,0.0206,-0.1353,1.8199,3.9896
560,0.86,4.7148,+0.0061,2.6607,2.0541,0.0076,-0.1839,1.7880,3.6866
561,0.86,4.7406,+0.0097,2.6912,2.0494,0.0130,-0.0199,2.1089,4.5634
562,0.86,4.7310,+0.0005,2.7082,2.0228,0.0068,+0.0147,2.0521,4.2837
563,0.85,4.7273,+0.0068,2.6983,2.0290,0.0053,+0.2145,2.2146,4.4899
564,0.85,4.7339,+0.0017,2.6871,2.0467,0.0044,+0.2643,2.4119,4.9549
565,0.87,4.7301,+0.0067,2.6922,2.0379,0.0036,+0.3141,2.1184,4.4579
566,0.85,4.7376,+0.0070,2.6985,2.0391,0.0071,+0.1973,2.0075,4.2553
567,0.87,4.7215,+0.0028,2.6997,2.0217,0.0079,+0.2640,2.2021,4.2843
568,0.87,4.7440,-0.0032,2.7133,2.0307,0.0065,+0.2582,2.0410,4.3206
569,0.84,4.7287,+0.0004,2.6839,2.0448,0.0056,+0.2497,1.8389,4.1450
570,0.84,4.7261,+0.0021,2.6924,2.0336,0.0032,+0.2108,2.0553,4.3737
571,0.85,4.7238,+0.0081,2.6679,2.0559,0.0041,+0.2911,2.1414,4.6980
572,0.87,4.7375,+0.0019,2.7187,2.0188,0.0101,+0.1719,2.0647,4.5074
573,0.86,4.7278,+0.0010,2.7045,2.0233,0.0091,+0.1694,2.2044,4.7688
574,0.85,4.7499,-0.0061,2.6844,2.0655,0.0144,+0.1703,2.4730,5.2183
575,0.85,4.7260,+0.0099,2.6637,2.0622,0.0067,+0.0064,2.0123,5.4717
576,0.87,4.7386,+0.0023,2.7213,2.0173,0.0186,+0.0424,1.9188,5.0722
577,0.87,4.7270,-0.0068,2.7244,2.0026,0.0147,+0.1022,2.0310,4.8873
578,0.86,4.7215,+0.0039,2.6748,2.0467,0.0051,+0.1005,1.7757,4.9391
579,0.85,4.7147,+0.0009,2.6641,2.0507,0.0031,+0.0407,1.7813,4.4792
580,0.87,4.7218,+0.0031,2.6814,2.0403,0.0030,+0.0694,2.0195,4.6545
581,0.86,4.7239,-0.0040,2.6849,2.0390,0.0033,+0.0234,1.7682,4.1846
582,0.86,4.7449,+0.0065,2.6786,2.0663,0.0084,+0.0649,1.6934,4.1480
583,0.87,4.7496,+0.0010,2.6961,2.0536,0.0074,+0.0302,1.8461,4.1134
584,0.87,4.7349,-0.0003,2.6779,2.0570,0.0026,+0.0560,1.7677,4.1091
585,0.84,4.7439,-0.0061,2.6878,2.0562,0.0124,+0.1379,1.4863,3.5418
586,0.87,4.7181,-0.0078,2.6482,2.0699,0.0050,+0.2537,1.7394,3.9786
587,0.87,4.7288,-0.0063,2.6984,2.0303,0.0069,+0.1290,1.8076,3.9277
588,0.85,4.7454,-0.0034,2.7242,2.0211,0.0284,+0.0596,1.8378,4.0422
589,0.87,4.7342,+0.0003,2.7311,2.0032,0.0077,-0.0004,1.9892,4.2374
590,0.84,4.7252,-0.0055,2.7027,2.0225,0.0034,-0.0480,1.8810,3.8876
591,0.86,4.7280,-0.0007,2.6897,2.0383,0.0109,+0.0117,1.7544,3.4592
592,0.85,4.7338,+0.0173,2.6757,2.0581,0.0086,+0.0126,1.8311,4.4872
593,0.86,4.7203,+0.0031,2.6718,2.0484,0.0038,+0.0004,2.0911,4.0737
594,0.86,4.7360,+0.0030,2.7316,2.0045,0.0127,-0.0455,1.9916,4.2649
595,0.84,4.7346,+0.0124,2.7364,1.9982,0.0233,-0.0906,1.9947,3.7050
596,0.86,4.7324,+0.0028,2.7019,2.0305,0.0092,+0.0916,2.0528,4.0842
597,0.86,4.7273,+0.0049,2.6991,2.0282,0.0036,-0.0387,1.6209,3.8718
598,0.85,4.7251,+0.0077,2.6881,2.0370,0.0041,+0.0253,1.6009,3.7305
599,0.85,4.7351,+0.0045,2.6850,2.0500,0.0074,+0.0010,1.7672,3.9875
600,0.86,4.7407,+0.0102,2.7142,2.0265,0.0062,-0.0845,1.8175,4.1260
601,0.84,4.7457,-0.0028,2.7759,1.9698,0.0120,-0.0563,1.8418,4.1426
602,0.84,4.7212,+0.0055,2.7025,2.0187,0.0064,-0.1022,1.7218,3.9461
603,0.85,4.7278,+0.0102,2.7144,2.0134,0.0044,-0.0195,1.7585,3.9820
604,0.84,4.7124,-0.0094,2.7119,2.0004,0.0051,-0.1512,1.5121,3.6879
605,0.85,4.7237,-0.0073,2.6772,2.0466,0.0055,-0.0559,1.5395,3.8091
606,0.85,4.7259,-0.0033,2.6736,2.0523,0.0031,-0.0325,1.7353,3.8772
607,0.83,4.7342,+0.0026,2.6885,2.0458,0.0038,+0.0204,1.5926,3.7241
608,0.85,4.7258,+0.0024,2.7041,2.0217,0.0030,+0.0532,1.6777,3.8182
609,0.84,4.7376,+0.0038,2.7261,2.0115,0.0153,+0.1442,1.4333,3.6595
610,0.85,4.7309,+0.0051,2.6977,2.0333,0.0067,+0.1015,1.5134,4.0987
611,0.84,4.7304,+0.0016,2.7103,2.0201,0.0051,+0.1094,1.6700,3.9640
612,0.83,4.7369,-0.0005,2.7398,1.9971,0.0123,+0.2103,1.6653,3.7935
613,0.84,4.7263,+0.0034,2.6967,2.0296,0.0077,+0.1380,1.8867,3.9340
614,0.83,4.7337,-0.0002,2.7122,2.0214,0.0114,+0.1928,1.8123,4.0636
615,0.85,4.7393,+0.0030,2.6985,2.0408,0.0085,+0.2528,1.9285,4.1695
616,0.85,4.7492,-0.0028,2.7102,2.0389,0.0151,+0.1209,1.9550,4.3084
617,0.84,4.7265,-0.0073,2.6703,2.0562,0.0051,+0.1551,2.0900,4.2993
618,0.84,4.7314,-0.0004,2.6514,2.0800,0.0024,+0.1506,2.1647,4.4272
619,0.84,4.7376,-0.0065,2.6712,2.0665,0.0049,+0.1497,1.9962,4.2959
620,0.85,4.7382,-0.0099,2.6757,2.0626,0.0048,+0.1303,1.8593,4.1933
621,0.85,4.7301,-0.0005,2.6751,2.0550,0.0046,+0.0711,1.9327,4.1620
622,0.83,4.7248,-0.0076,2.6762,2.0486,0.0018,+0.0814,1.9289,4.1025
623,0.84,4.7320,+0.0005,2.7288,2.0032,0.0198,-0.0418,1.5724,3.4972
624,0.86,4.7131,+0.0009,2.7032,2.0099,0.0062,-0.1673,1.5656,3.7303
625,0.85,4.7420,+0.0001,2.7602,1.9819,0.0142,-0.2071,1.6786,3.8760
626,0.84,4.7363,-0.0052,2.7261,2.0102,0.0151,-0.1953,1.9701,4.3130
627,0.83,4.7201,-0.0015,2.7135,2.0066,0.0058,-0.2193,1.9919,4.3066
628,0.87,4.7283,+0.0035,2.7246,2.0038,0.0114,-0.0751,1.9139,4.1652
629,0.82,4.7412,-0.0016,2.7321,2.0091,0.0073,-0.2592,1.8469,4.2715
630,0.86,4.7326,+0.0014,2.7189,2.0138,0.0087,-0.2669,2.2130,5.0252
631,0.85,4.7402,-0.0001,2.7102,2.0300,0.0084,-0.2373,2.2323,4.9837
632,0.83,4.7754,-0.0102,2.7869,1.9886,0.1173,-0.2151,1.9971,4.7973
633,0.85,4.7389,+0.0077,2.7388,2.0001,0.0094,-0.0905,1.8697,4.4710
634,0.86,4.7400,+0.0102,2.7346,2.0054,0.0106,-0.1501,2.1412,4.7156
635,0.85,4.7339,+0.0001,2.7202,2.0137,0.0098,-0.0241,1.7748,4.5294
636,0.85,4.7249,-0.0027,2.7257,1.9992,0.0092,-0.0109,1.9029,4.6200
637,0.85,4.7130,-0.0035,2.7266,1.9864,0.0039,+0.0248,1.9645,4.3736
638,0.86,4.7361,-0.0013,2.7523,1.9838,0.0102,-0.0138,2.0841,4.2286
639,0.85,4.7239,-0.0029,2.7424,1.9815,0.0079,+0.0900,1.7791,3.8607
640,0.84,4.7321,-0.0033,2.7386,1.9935,0.0073,+0.1660,1.9926,4.0736
641,0.85,4.7366,+0.0018,2.7537,1.9829,0.0136,+0.2384,2.1049,4.1813
642,0.84,4.7204,-0.0026,2.7475,1.9729,0.0127,+0.3787,2.4755,4.6420
643,0.86,4.7424,-0.0155,2.7526,1.9898,0.0231,+0.1147,2.4277,4.7841
644,0.85,4.7237,-0.0021,2.7081,2.0156,0.0108,+0.2901,1.9765,4.3476
645,0.85,4.7246,+0.0003,2.6911,2.0335,0.0051,+0.2008,2.0171,4.4123
646,0.85,4.7323,+0.0049,2.6965,2.0358,0.0060,+0.1939,1.8186,4.2709
647,0.84,4.7355,-0.0045,2.7366,1.9989,0.0067,+0.2213,1.7111,3.9325
648,0.84,4.7291,-0.0045,2.7427,1.9864,0.0118,+0.2854,1.8970,4.0464
649,0.85,4.7137,-0.0037,2.7010,2.0127,0.0046,+0.1391,1.7806,4.3189
650,0.85,4.7140,+0.0005,2.6953,2.0187,0.0054,+0.1149,1.8696,4.2387
651,0.85,4.7369,-0.0049,2.7166,2.0203,0.0060,+0.2076,2.1506,4.4122
652,0.84,4.7111,-0.0061,2.6978,2.0132,0.0050,-0.0413,1.6861,4.0214
653,0.85,4.7390,+0.0053,2.7239,2.0151,0.0131,+0.0099,1.7461,3.7809
654,0.86,4.7268,-0.0035,2.7706,1.9562,0.0059,+0.0041,1.7647,3.8995
655,0.83,4.7227,-0.0030,2.7635,1.9592,0.0068,+0.0150,1.7528,4.0180
656,0.84,4.7241,-0.0002,2.7513,1.9728,0.0037,+0.0864,1.4506,3.9443
657,0.85,4.7570,-0.0017,2.7694,1.9877,0.0342,+0.2337,1.7632,3.9617
658,0.85,4.7646,+0.0047,2.7976,1.9670,0.0158,+0.2409,1.7565,3.9821
659,0.84,4.7504,-0.0028,2.7703,1.9801,0.0152,+0.2046,1.6147,3.9667
660,0.84,4.7221,+0.0003,2.6979,2.0242,0.0148,+0.1332,1.7071,3.9610
661,0.84,4.7466,+0.0024,2.7350,2.0116,0.0096,+0.1082,1.7824,4.1788
662,0.84,4.7408,-0.0029,2.7246,2.0162,0.0096,+0.1404,1.7524,4.3227
663,0.85,4.7269,-0.0058,2.7102,2.0167,0.0092,+0.1071,1.7716,4.3480
664,0.85,4.7317,-0.0013,2.7121,2.0196,0.0081,+0.1314,1.6968,4.4959
665,0.86,4.7329,-0.0016,2.7158,2.0171,0.0042,+0.1916,1.5142,3.9207
666,0.86,4.7352,+0.0027,2.7182,2.0170,0.0060,+0.2666,1.5859,4.0689
667,0.84,4.7372,+0.0011,2.7237,2.0134,0.0086,+0.2354,1.5252,4.2037
668,0.85,4.7573,+0.0018,2.7548,2.0026,0.0405,+0.1927,1.8487,4.7919
669,0.84,4.7436,-0.0015,2.7464,1.9971,0.0099,+0.2687,1.9886,4.9389
670,0.85,4.7418,-0.0060,2.7237,2.0181,0.0073,+0.2889,2.1551,5.3002
671,0.84,4.7273,-0.0027,2.6951,2.0322,0.0044,+0.3075,1.9519,4.7824
672,0.85,4.7320,-0.0013,2.6533,2.0786,0.0031,+0.3123,1.9741,4.6899
673,0.86,4.7510,+0.0016,2.6568,2.0942,0.0136,+0.1771,1.7660,4.2256
674,0.86,4.7361,+0.0034,2.6295,2.1065,0.0052,+0.0800,1.6930,4.1027
675,0.85,4.7349,+0.0009,2.6469,2.0879,0.0022,+0.0902,1.8610,4.2259
676,0.85,4.7274,+0.0017,2.6912,2.0362,0.0115,-0.0441,1.5290,4.0898
677,0.84,4.7201,+0.0000,2.6903,2.0298,0.0024,+0.1334,1.4897,4.1349
678,0.84,4.7272,-0.0054,2.7007,2.0264,0.0040,+0.1899,1.4049,3.8480
679,0.86,4.7311,+0.0012,2.6824,2.0486,0.0077,+0.1906,1.8028,4.5834
680,0.84,4.7257,-0.0006,2.6968,2.0289,0.0036,+0.3320,1.7296,4.4274
681,0.83,4.7309,-0.0109,2.6674,2.0634,0.0051,+0.3830,1.5858,4.0956
682,0.86,4.7289,-0.0071,2.6385,2.0904,0.0031,+0.3037,1.5975,4.4430
683,0.85,4.7414,-0.0039,2.6373,2.1040,0.0036,+0.2147,1.4270,3.9442
684,0.85,4.7348,-0.0126,2.6708,2.0640,0.0068,+0.1504,1.2849,3.8086
685,0.88,4.7352,-0.0005,2.6623,2.0729,0.0072,+0.0818,1.3933,4.2421
686,0.84,4.7270,+0.0017,2.6849,2.0422,0.0049,+0.0495,1.2256,4.1520
687,0.86,4.7247,-0.0019,2.7112,2.0135,0.0111,-0.0239,1.2086,3.9221
688,0.86,4.7292,-0.0017,2.7189,2.0103,0.0031,-0.0195,1.3778,4.1727
689,0.85,4.7369,-0.0027,2.7124,2.0245,0.0068,-0.0424,1.3535,4.2273
690,0.87,4.7294,-0.0033,2.7144,2.0151,0.0091,-0.0961,1.2292,4.1216
691,0.85,4.7326,-0.0083,2.7261,2.0065,0.0041,-0.1153,1.2993,4.0457
692,0.85,4.7348,-0.0007,2.7341,2.0008,0.0116,-0.1046,1.4944,4.2518
693,0.85,4.7342,-0.0018,2.7168,2.0174,0.0148,+0.0613,1.4136,4.0784
694,0.83,4.7277,+0.0023,2.7231,2.0047,0.0061,-0.0506,1.3834,4.1608
695,0.84,4.7418,-0.0071,2.7274,2.0144,0.0031,+0.0852,1.7578,4.9720
696,0.83,4.7256,+0.0023,2.7117,2.0139,0.0044,-0.0342,1.6723,4.6801
697,0.83,4.7339,-0.0089,2.7508,1.9832,0.0304,-0.0778,1.5333,4.5855
698,0.85,4.7287,+0.0013,2.7173,2.0115,0.0099,-0.1658,1.8221,5.0442
699,0.83,4.7219,+0.0026,2.7122,2.0097,0.0039,-0.1159,1.6477,4.3779
700,0.85,4.7284,+0.0053,2.7121,2.0163,0.0073,-0.1167,1.6699,4.6520
701,0.84,4.7266,+0.0026,2.6858,2.0408,0.0068,-0.2037,1.5553,4.3963
702,0.85,4.7236,+0.0007,2.7119,2.0117,0.0039,-0.2116,1.6476,4.3402
703,0.86,4.7210,-0.0007,2.7506,1.9704,0.0051,-0.3540,1.5715,4.5419
704,0.85,4.7228,-0.0016,2.7026,2.0202,0.0030,-0.3189,1.7069,4.7298
705,0.84,4.7376,+0.0022,2.7498,1.9877,0.0034,-0.2647,1.7833,4.9819
706,0.86,4.7126,-0.0166,2.7406,1.9720,0.0199,-0.2537,1.6285,4.2331
707,0.82,4.7273,+0.0023,2.7353,1.9920,0.0040,-0.1146,1.6870,4.2251
708,0.84,4.7378,+0.0057,2.7222,2.0156,0.0053,-0.1610,1.8075,4.5514
709,0.84,4.7310,+0.0059,2.7290,2.0020,0.0048,-0.1727,1.8524,4.6454
710,0.85,4.7280,-0.0040,2.6994,2.0286,0.0042,-0.1474,1.8171,4.4987
711,0.84,4.7224,+0.0009,2.6895,2.0329,0.0031,-0.0578,1.6100,4.0444
712,0.84,4.7290,+0.0010,2.6798,2.0492,0.0049,-0.0888,1.7546,4.2426
713,0.82,4.7231,-0.0082,2.6562,2.0669,0.0031,-0.0223,1.9094,4.4999
714,0.86,4.7370,-0.0020,2.7038,2.0332,0.0092,+0.0222,1.8615,4.3850
715,0.84,4.7293,-0.0076,2.6718,2.0575,0.0024,+0.0641,1.7369,4.0646
716,0.84,4.7290,-0.0077,2.6830,2.0459,0.0047,+0.0917,1.6778,4.1294
717,0.84,4.7315,-0.0018,2.6877,2.0438,0.0027,+0.1301,1.6893,4.1829
718,0.86,4.7258,-0.0119,2.6604,2.0653,0.0039,-0.0150,1.7154,4.0817
719,0.83,4.7348,-0.0140,2.6961,2.0387,0.0157,-0.0125,1.8158,4.0417
720,0.86,4.7361,-0.0140,2.7016,2.0345,0.0068,-0.0893,1.6816,4.2710
721,0.85,4.7305,-0.0013,2.7046,2.0259,0.0074,-0.1279,1.4655,3.7655
722,0.86,4.7335,-0.0038,2.6778,2.0557,0.0068,-0.0793,1.4997,3.8649
723,0.83,4.7266,+0.0063,2.6946,2.0320,0.0064,-0.0695,1.4790,3.8317
724,0.84,4.7219,+0.0044,2.6702,2.0517,0.0033,+0.0455,1.3617,3.7134
725,0.85,4.7308,+0.0033,2.6590,2.0719,0.0062,+0.1375,1.4369,3.8535
726,0.86,4.7276,+0.0096,2.6508,2.0768,0.0041,+0.0967,1.5206,3.9558
727,0.85,4.7188,+0.0069,2.6212,2.0976,0.0025,-0.0249,1.2611,3.6752
728,0.86,4.7237,+0.0045,2.6537,2.0700,0.0031,+0.0009,1.5779,4.4200
729,0.84,4.7157,+0.0058,2.6750,2.0408,0.0061,-0.3304,1.0189,3.4290
730,0.85,4.7361,+0.0025,2.6781,2.0581,0.0095,-0.1728,1.3543,4.0380
731,0.85,4.7295,-0.0023,2.6531,2.0765,0.0033,-0.1508,1.2556,3.9712
732,0.87,4.7250,-0.0001,2.6473,2.0777,0.0027,-0.1719,1.3040,4.2666
733,0.86,4.7453,+0.0052,2.6987,2.0466,0.0183,-0.0526,1.3714,4.2980
734,0.86,4.7197,+0.0030,2.6951,2.0246,0.0053,-0.0984,1.3058,4.0815
735,0.84,4.7201,-0.0078,2.6904,2.0297,0.0047,-0.0256,1.4297,3.8843
736,0.84,4.7345,-0.0020,2.7215,2.0130,0.0071,-0.2195,1.5560,4.1305
737,0.85,4.7533,+0.0028,2.7365,2.0168,0.0386,-0.1816,1.3500,4.0644
738,0.84,4.7395,+0.0027,2.7301,2.0094,0.0110,-0.1461,1.2836,3.7049
739,0.84,4.7282,+0.0030,2.7130,2.0152,0.0087,-0.1413,1.3976,3.8479
740,0.84,4.7323,+0.0025,2.7287,2.0036,0.0064,-0.1756,1.4856,3.9433
741,0.85,4.7498,+0.0037,2.7143,2.0355,0.0058,-0.2048,1.4298,3.8609
742,0.84,4.7454,-0.0020,2.7056,2.0397,0.0056,-0.2380,1.6073,4.4123
743,0.84,4.7270,+0.0002,2.6816,2.0454,0.0032,-0.2566,1.7108,4.5447
744,0.85,4.7329,+0.0081,2.7142,2.0186,0.0114,-0.0224,1.7265,4.3729
745,0.85,4.7281,-0.0046,2.7205,2.0076,0.0093,+0.0200,1.5001,3.9876
746,0.85,4.7268,+0.0010,2.6552,2.0716,0.0023,+0.0825,1.5275,4.0917
747,0.85,4.7328,+0.0045,2.6597,2.0731,0.0041,+0.0252,1.5283,4.2788
748,0.85,4.7474,-0.0106,2.6992,2.0482,0.0189,-0.0118,1.4929,4.3383
749,0.84,4.7247,+0.0012,2.6898,2.0350,0.0045,+0.0852,1.4752,4.6137
750,0.83,4.7439,+0.0102,2.7187,2.0252,0.0093,-0.0027,1.3684,4.5588
751,0.85,4.7310,+0.0022,2.6903,2.0407,0.0088,-0.0739,1.2072,3.6097
752,0.83,4.7460,+0.0013,2.6998,2.0462,0.0207,+0.0029,1.3205,4.1228
753,0.87,4.7518,-0.0160,2.7511,2.0006,0.0271,-0.0245,1.4678,4.4613
754,0.83,4.7557,-0.0070,2.7812,1.9745,0.0285,+0.0220,1.3280,4.0309
755,0.84,4.7265,-0.0062,2.7040,2.0225,0.0117,+0.0580,1.6012,4.4152
756,0.84,4.7351,+0.0135,2.7713,1.9638,0.0418,+0.0853,1.3575,3.9013
757,0.83,4.7456,+0.0016,2.6894,2.0562,0.0052,+0.1891,1.7389,4.5438
758,0.84,4.7261,-0.0032,2.7010,2.0251,0.0044,+0.0719,1.5678,4.3343
759,0.84,4.7338,-0.0012,2.7151,2.0187,0.0028,-0.1123,1.3390,3.9743
760,0.82,4.7402,-0.0030,2.7281,2.0121,0.0188,+0.0039,1.3227,3.8964
761,0.84,4.7217,-0.0016,2.7236,1.9982,0.0125,+0.0388,1.3830,3.6561
762,0.83,4.7300,-0.0017,2.6993,2.0308,0.0058,+0.0232,1.4289,3.7754
763,0.83,4.7338,-0.0047,2.6723,2.0615,0.0027,+0.0904,1.5564,4.0251
764,0.85,4.7299,+0.0032,2.7095,2.0204,0.0035,+0.1144,1.6128,4.0592
765,0.84,4.7360,-0.0012,2.6764,2.0596,0.0032,+0.1329,1.3945,3.8314
766,0.85,4.7341,+0.0022,2.7194,2.0147,0.0036,+0.1514,1.3839,3.8085
767,0.84,4.7226,+0.0042,2.7390,1.9837,0.0034,+0.1077,1.4842,3.9707
768,0.84,4.7354,+0.0001,2.7607,1.9747,0.0068,+0.0880,1.5545,3.8197
769,0.83,4.7284,-0.0020,2.7502,1.9782,0.0027,+0.0026,1.4892,3.8377
770,0.86,4.7400,-0.0020,2.7352,2.0048,0.0048,-0.0516,1.4554,4.0486
771,0.85,4.7314,-0.0039,2.7225,2.0090,0.0026,-0.0113,1.4396,4.0081
772,0.82,4.7292,-0.0016,2.7117,2.0175,0.0048,+0.0600,1.3445,3.6333
773,0.85,4.7471,+0.0049,2.7361,2.0110,0.0267,+0.0559,1.1796,3.6698
774,0.84,4.7343,+0.0066,2.7201,2.0142,0.0056,+0.1058,1.3307,3.8037
775,0.84,4.7443,+0.0046,2.7300,2.0143,0.0092,+0.1259,1.5415,4.2968
776,0.84,4.7406,+0.0099,2.7171,2.0234,0.0117,+0.1192,1.5947,4.2378
777,0.85,4.7384,+0.0037,2.6827,2.0557,0.0047,+0.1050,1.5344,3.9496
778,0.85,4.7245,-0.0031,2.6377,2.0868,0.0028,+0.0334,1.5443,3.7581
779,0.85,4.7234,-0.0104,2.6770,2.0464,0.0077,-0.0442,1.8409,4.2251
780,0.84,4.7454,-0.0064,2.7182,2.0272,0.0108,-0.0475,1.8850,4.3221
781,0.85,4.7340,+0.0040,2.6998,2.0341,0.0058,-0.2482,2.0589,4.5366
782,0.83,4.7298,+0.0013,2.6856,2.0442,0.0027,-0.0739,1.8248,4.3401
783,0.83,4.7451,+0.0012,2.6990,2.0461,0.0165,-0.0045,1.8695,4.4310
784,0.84,4.7403,-0.0053,2.6875,2.0528,0.0086,-0.0157,1.7524,4.0905
785,0.86,4.7362,-0.0004,2.6843,2.0519,0.0021,-0.0108,1.8602,4.1392
786,0.87,4.7378,+0.0036,2.6945,2.0434,0.0041,+0.0716,1.9308,4.1538
787,0.83,4.7412,-0.0003,2.6697,2.0714,0.0038,+0.0089,1.9299,4.2620
788,0.85,4.7422,-0.0005,2.6768,2.0653,0.0036,+0.0686,1.7513,4.0224
789,0.85,4.7503,-0.0024,2.7297,2.0206,0.0081,+0.1961,1.7175,4.1225
790,0.84,4.7317,-0.0064,2.6597,2.0720,0.0049,+0.1320,1.5700,3.8071
791,0.84,4.7274,-0.0108,2.6857,2.0416,0.0055,+0.1155,1.8053,3.8816
792,0.85,4.7233,-0.0037,2.6699,2.0534,0.0032,+0.0416,1.6592,3.5654
793,0.84,4.7201,-0.0083,2.6640,2.0561,0.0035,-0.0305,1.6795,3.6445
794,0.86,4.7280,-0.0010,2.6697,2.0583,0.0061,+0.0501,1.7615,4.0230
795,0.85,4.7306,+0.0055,2.6599,2.0707,0.0017,+0.2331,1.7994,4.2190
796,0.85,4.7318,+0.0048,2.6847,2.0471,0.0037,+0.2396,1.8833,4.4391
797,0.87,4.7336,+0.0023,2.6759,2.0578,0.0045,+0.2182,1.7723,4.3343
798,0.85,4.7334,-0.0120,2.6570,2.0764,0.0053,+0.3436,1.7745,4.2072
799,0.85,4.7301,+0.0040,2.6536,2.0765,0.0034,+0.3065,1.8648,4.1677
800,0.85,4.7330,-0.0124,2.6856,2.0474,0.0041,+0.2186,1.8929,4.0204
801,0.82,4.7345,+0.0014,2.6915,2.0430,0.0025,+0.2118,1.8195,3.8444
802,0.83,4.7328,-0.0000,2.6996,2.0332,0.0031,+0.3003,1.7952,4.0211
803,0.84,4.7323,+0.0031,2.6975,2.0348,0.0080,+0.2100,1.7650,3.8702
804,0.85,4.7542,+0.0022,2.7176,2.0366,0.1190,+0.1006,1.7886,3.6034
805,0.82,4.7330,+0.0015,2.7250,2.0080,0.0290,+0.1327,1.7303,4.0161
806,0.83,4.7584,-0.0070,2.7160,2.0424,0.0513,+0.0335,1.6802,4.0254
807,0.83,4.7279,-0.0040,2.6880,2.0399,0.0046,+0.1996,1.8270,4.4399
808,0.82,4.7521,+0.0001,2.7736,1.9786,0.0635,+0.1391,1.7058,4.2286
809,0.83,4.7141,+0.0016,2.6901,2.0240,0.0086,+0.2023,1.6050,4.0710
810,0.82,4.7213,+0.0004,2.7319,1.9893,0.0039,+0.2475,1.6591,4.4057
811,0.82,4.7264,+0.0009,2.7239,2.0025,0.0051,+0.2224,1.4649,4.1175
812,0.84,4.7211,-0.0060,2.7214,1.9996,0.0042,+0.0558,1.5383,4.1501
813,0.85,4.7301,+0.0032,2.7164,2.0138,0.0035,+0.0027,1.5394,4.1928
814,0.82,4.7285,+0.0034,2.7249,2.0035,0.0034,+0.0409,1.3722,3.8412
815,0.83,4.7352,+0.0052,2.7682,1.9670,0.0062,-0.0068,1.6490,4.4705
816,0.82,4.7394,+0.0019,2.7395,1.9999,0.0051,-0.0611,1.6829,4.5620
817,0.84,4.7320,+0.0037,2.7175,2.0145,0.0051,+0.0834,1.6515,4.3845
818,0.82,4.7404,-0.0055,2.6772,2.0632,0.0047,+0.0337,1.6594,4.3342
819,0.84,4.7425,+0.0028,2.7442,1.9983,0.0067,+0.0348,1.6503,4.1878
820,0.83,4.7479,+0.0001,2.7369,2.0110,0.0174,+0.2370,1.5526,4.3546
821,0.83,4.7230,+0.0015,2.7077,2.0152,0.0065,+0.2665,1.4418,3.9726
822,0.82,4.7316,-0.0072,2.6713,2.0603,0.0023,+0.0949,1.5299,4.3424
823,0.82,4.7414,-0.0034,2.7044,2.0370,0.0122,+0.0778,1.5404,4.4934
824,0.83,4.7300,-0.0000,2.6912,2.0388,0.0036,+0.2379,1.3571,3.9591
825,0.83,4.7270,+0.0024,2.6958,2.0313,0.0065,+0.2132,1.4389,4.1720
826,0.82,4.7392,-0.0026,2.7408,1.9984,0.0079,+0.2851,1.7809,4.7108
827,0.81,4.7348,-0.0045,2.6995,2.0354,0.0065,+0.2157,1.5179,4.2695
828,0.83,4.7457,-0.0026,2.7223,2.0234,0.0117,+0.3189,1.3857,3.6583
829,0.83,4.7279,-0.0003,2.6550,2.0729,0.0104,+0.3272,1.5186,3.8692
830,0.84,4.7325,+0.0023,2.6905,2.0420,0.0071,+0.2059,1.5125,3.7754
831,0.84,4.7503,-0.0023,2.7356,2.0146,0.0143,+0.1811,1.4355,3.8677
832,0.86,4.7406,-0.0091,2.6933,2.0473,0.0041,+0.2275,1.4745,4.1007
833,0.84,4.7390,+0.0063,2.7032,2.0358,0.0052,+0.2499,1.4845,4.1901
834,0.85,4.7358,-0.0008,2.6925,2.0433,0.0110,+0.3110,1.8129,4.7899
835,0.84,4.7177,+0.0124,2.7154,2.0023,0.0032,+0.0366,1.8199,4.6573
836,0.83,4.7307,-0.0181,2.7167,2.0140,0.0088,-0.1721,1.5217,4.3531
837,0.85,4.7329,-0.0106,2.7717,1.9612,0.0080,-0.2309,1.4118,3.9931
838,0.84,4.7398,-0.0046,2.7316,2.0082,0.0042,-0.1935,1.4467,4.2258
839,0.83,4.7301,-0.0022,2.7268,2.0033,0.0081,-0.2031,1.4917,4.4783
840,0.83,4.7217,-0.0049,2.6745,2.0472,0.0034,-0.0560,1.6160,4.6807
841,0.82,4.7182,-0.0036,2.6665,2.0517,0.0045,-0.1450,1.5093,4.4134
842,0.84,4.7339,+0.0007,2.6853,2.0486,0.0061,-0.1457,1.3392,3.9812
843,0.82,4.7262,+0.0022,2.6838,2.0424,0.0025,-0.2134,1.4319,4.1444
844,0.84,4.7235,-0.0046,2.6881,2.0354,0.0018,-0.2429,1.4055,4.2182
845,0.81,4.7195,-0.0014,2.6774,2.0421,0.0028,-0.1945,1.3741,4.0871
846,0.84,4.7258,-0.0033,2.7178,2.0080,0.0024,-0.0648,1.4835,4.3242
847,0.83,4.7367,+0.0051,2.6901,2.0466,0.0038,-0.1187,1.2191,4.0861
848,0.83,4.7284,+0.0024,2.6942,2.0342,0.0028,-0.1630,1.5124,4.4351
849,0.86,4.7432,+0.0006,2.7110,2.0322,0.0082,-0.1558,1.3136,4.2637
850,0.83,4.7227,-0.0054,2.6760,2.0467,0.0028,-0.1194,1.3249,4.2014
851,0.84,4.7329,+0.0014,2.6467,2.0862,0.0024,-0.0840,1.3533,4.4077
852,0.84,4.7260,+0.0018,2.6594,2.0667,0.0032,-0.1302,1.2656,4.3488
853,0.83,4.7245,+0.0028,2.6650,2.0595,0.0021,-0.0985,1.0901,4.0049
854,0.83,4.7255,+0.0019,2.6816,2.0440,0.0039,-0.2301,1.2592,4.1281
855,0.84,4.7304,-0.0038,2.7005,2.0299,0.0035,-0.1835,1.1608,4.1064
856,0.84,4.7382,+0.0031,2.6935,2.0447,0.0033,-0.2572,1.3551,4.3266
857,0.84,4.7487,-0.0056,2.6941,2.0546,0.0192,-0.0975,1.2268,4.2360
858,0.84,4.7335,-0.0008,2.7186,2.0149,0.0069,-0.3131,1.3154,4.1781
859,0.84,4.7230,+0.0001,2.7029,2.0201,0.0068,-0.2660,1.3819,4.2167
860,0.84,4.7289,+0.0030,2.7261,2.0028,0.0189,-0.3178,1.1448,3.7040
861,0.83,4.7290,-0.0021,2.6692,2.0598,0.0068,-0.1857,1.2776,3.9571
862,0.84,4.7294,-0.0052,2.6518,2.0776,0.0022,-0.2110,1.2550,3.8551
863,0.82,4.7349,-0.0052,2.7074,2.0274,0.0062,-0.1273,1.4041,4.1543
864,0.83,4.7288,-0.0072,2.6638,2.0651,0.0029,-0.2395,1.2834,4.2450
865,0.86,4.7315,-0.0003,2.6633,2.0683,0.0055,-0.2187,1.3141,4.0620
866,0.85,4.7434,+0.0034,2.6811,2.0623,0.0085,-0.2449,1.2364,3.9287
867,0.84,4.7517,-0.0048,2.6955,2.0562,0.0294,-0.2450,1.4708,4.3747
868,0.84,4.7231,-0.0017,2.6706,2.0525,0.0052,-0.2495,1.3814,3.8017
869,0.84,4.7368,+0.0033,2.6850,2.0517,0.0032,-0.1613,1.4584,4.1185
870,0.85,4.7385,-0.0005,2.7341,2.0044,0.0123,-0.2632,1.3152,4.0504
871,0.81,4.7359,+0.0077,2.6877,2.0482,0.0032,-0.3444,1.4781,4.0834
872,0.83,4.7280,+0.0011,2.6465,2.0815,0.0033,-0.1771,1.2515,3.6977
873,0.84,4.7292,-0.0047,2.6877,2.0416,0.0046,-0.1893,1.1745,3.5979
874,0.82,4.7285,+0.0015,2.6960,2.0325,0.0026,-0.0696,1.1948,3.8956
875,0.84,4.7247,-0.0018,2.7093,2.0154,0.0058,-0.0374,1.2935,4.1730
876,0.85,4.7218,+0.0033,2.6988,2.0230,0.0032,-0.0114,1.3346,3.9307
877,0.84,4.7294,+0.0040,2.7302,1.9992,0.0041,-0.0281,1.3796,3.8651
878,0.83,4.7189,+0.0016,2.7036,2.0153,0.0028,-0.0025,1.4133,3.8004
879,0.85,4.7238,-0.0058,2.6907,2.0331,0.0032,+0.1158,1.5611,4.1793
880,0.82,4.7194,-0.0048,2.6457,2.0737,0.0019,+0.1128,1.4883,4.0977
881,0.82,4.7165,+0.0006,2.6567,2.0598,0.0094,+0.1735,1.1398,3.2992
882,0.83,4.7247,-0.0047,2.6952,2.0295,0.0033,+0.0491,1.3778,3.7611
883,0.85,4.7324,-0.0026,2.6658,2.0666,0.0031,+0.1219,1.5479,4.2166
884,0.84,4.7363,-0.0049,2.6914,2.0450,0.0034,+0.1823,1.6780,4.3306
885,0.83,4.7382,-0.0066,2.6849,2.0532,0.0067,+0.1151,1.5320,4.1678
886,0.83,4.7308,+0.0027,2.6954,2.0354,0.0051,+0.1175,1.4568,3.8135
887,0.83,4.7338,-0.0021,2.7349,1.9989,0.0119,+0.1414,1.5324,3.8326
888,0.84,4.7366,-0.0063,2.7043,2.0323,0.0071,+0.1124,1.6930,3.9933
889,0.84,4.7371,+0.0031,2.7017,2.0355,0.0039,+0.0864,1.5589,3.9423
890,0.84,4.7297,+0.0029,2.7131,2.0166,0.0024,+0.2946,1.7052,4.0760
891,0.84,4.7390,-0.0009,2.7370,2.0019,0.0069,+0.1936,1.6268,4.1079
892,0.84,4.7409,-0.0022,2.7256,2.0153,0.0098,+0.2851,1.6035,4.2530
893,0.84,4.7426,+0.0000,2.7357,2.0069,0.0094,+0.1211,1.6459,4.2988
894,0.84,4.7282,-0.0098,2.7083,2.0199,0.0076,+0.0012,1.4386,3.9405
895,0.83,4.7266,+0.0047,2.6984,2.0282,0.0042,-0.0676,1.5569,4.0549
896,0.81,4.7380,+0.0053,2.7520,1.9860,0.0066,-0.0332,1.5983,4.0756
897,0.83,4.7352,+0.0035,2.7435,1.9917,0.0060,-0.1571,1.7947,4.2842
898,0.80,4.7552,+0.0073,2.7791,1.9761,0.0253,-0.1580,2.0599,4.5358
899,0.83,4.7285,-0.0003,2.7131,2.0154,0.0042,-0.1035,1.8978,4.0255
900,0.84,4.7308,+0.0037,2.7226,2.0082,0.0069,-0.0216,1.8943,4.1614
901,0.81,4.7185,+0.0011,2.7023,2.0162,0.0031,-0.0484,1.6103,3.8354
902,0.85,4.7281,+0.0001,2.7119,2.0162,0.0072,-0.1229,1.7419,3.8501
903,0.83,4.7230,+0.0021,2.7156,2.0074,0.0070,-0.0357,1.8821,3.9020
904,0.84,4.7306,-0.0035,2.6946,2.0360,0.0026,-0.0423,1.8753,3.9862
905,0.84,4.7301,+0.0041,2.6612,2.0689,0.0015,-0.0189,1.8870,4.1829
906,0.82,4.7323,-0.0002,2.6916,2.0407,0.0022,+0.0389,1.6690,3.8644
907,0.83,4.7345,+0.0080,2.6659,2.0686,0.0120,+0.0780,1.8568,3.8904
908,0.85,4.7323,+0.0060,2.7089,2.0234,0.0035,-0.0078,2.0889,4.3000
909,0.83,4.7410,+0.0085,2.7337,2.0073,0.0050,+0.0336,1.8766,4.1001
910,0.86,4.7375,-0.0009,2.7116,2.0259,0.0098,-0.0539,1.7852,4.0254
911,0.83,4.7343,+0.0019,2.6715,2.0628,0.0037,-0.0232,1.9048,4.3908
912,0.83,4.7348,+0.0016,2.6929,2.0419,0.0063,-0.0745,1.6620,4.0919
913,0.83,4.7141,+0.0072,2.7003,2.0138,0.0167,-0.0902,1.3673,3.5395
914,0.81,4.7303,+0.0012,2.7059,2.0244,0.0066,-0.1303,1.6375,4.1876
915,0.82,4.7025,-0.0010,2.6507,2.0518,0.0587,-0.1448,1.3652,3.4745
916,0.83,4.7308,-0.0011,2.6390,2.0917,0.0040,-0.0335,1.4976,4.0313
917,0.81,4.7292,+0.0017,2.6949,2.0343,0.0092,+0.0644,1.4846,3.3308
918,0.81,4.7324,+0.0034,2.6623,2.0701,0.0021,-0.0523,1.8800,4.3872
919,0.83,4.7315,-0.0100,2.6709,2.0606,0.0077,-0.1075,2.0457,4.1913
920,0.82,4.7356,-0.0001,2.6766,2.0590,0.0067,-0.1784,2.3358,4.9360
921,0.83,4.7524,+0.0100,2.6741,2.0782,0.0353,-0.3791,2.2802,5.3168
922,0.82,4.7215,-0.0005,2.7030,2.0185,0.0180,-0.1990,2.1510,4.8764
923,0.84,4.7255,+0.0070,2.7212,2.0043,0.0053,-0.2397,2.1069,5.0319
924,0.83,4.7502,+0.0029,2.7264,2.0238,0.0149,-0.0291,2.0130,4.7152
925,0.81,4.7326,+0.0116,2.7125,2.0202,0.0031,+0.0236,1.9895,4.5920
926,0.81,4.7349,-0.0080,2.6592,2.0757,0.0064,-0.1369,2.3038,4.9182
927,0.84,4.7404,+0.0063,2.6505,2.0899,0.0147,-0.0868,2.0163,4.8113
928,0.86,4.7236,+0.0024,2.6735,2.0501,0.0069,-0.0018,1.8830,4.4528
929,0.83,4.7345,+0.0016,2.7222,2.0123,0.0072,+0.1370,1.9992,4.4051
930,0.83,4.7244,+0.0011,2.7410,1.9834,0.0038,+0.1763,1.8151,4.2554
931,0.83,4.7272,+0.0040,2.6699,2.0573,0.0053,+0.1785,1.9305,4.5918
932,0.81,4.7275,+0.0058,2.6468,2.0807,0.0026,+0.0895,1.8845,4.4160
933,0.84,4.7372,-0.0028,2.6770,2.0602,0.0107,+0.0670,1.9288,4.2866
934,0.83,4.7270,-0.0029,2.6717,2.0553,0.0022,+0.0622,1.8243,4.2807
935,0.83,4.7360,+0.0092,2.7105,2.0255,0.0068,+0.1845,2.0097,4.9503
936,0.85,4.7163,+0.0041,2.7117,2.0046,0.0057,-0.0143,1.7728,4.4323
937,0.85,4.7226,-0.0028,2.6723,2.0503,0.0029,-0.0550,1.6992,4.4700
938,0.85,4.7318,-0.0050,2.6655,2.0663,0.0037,-0.0768,1.6154,3.9315
939,0.84,4.7273,-0.0063,2.6813,2.0460,0.0114,-0.0504,1.4407,3.5564
940,0.82,4.7356,-0.0019,2.7259,2.0096,0.0067,-0.1484,1.8218,4.5155
941,0.82,4.7490,-0.0018,2.7221,2.0269,0.0211,-0.1123,1.8521,4.2740
942,0.82,4.7423,-0.0053,2.7193,2.0231,0.0091,+0.0551,1.7505,3.9019
943,0.84,4.7298,+0.0049,2.6908,2.0391,0.0058,-0.0130,1.7480,4.2444
944,0.82,4.7398,+0.0067,2.7060,2.0338,0.0039,+0.0712,1.7841,4.3583
945,0.84,4.7213,+0.0037,2.6981,2.0233,0.0154,+0.1579,1.6797,4.0656
946,0.82,4.7238,-0.0076,2.7071,2.0167,0.0040,+0.0998,1.9441,4.3077
947,0.82,4.7505,-0.0004,2.7699,1.9806,0.0179,+0.1190,1.9616,4.4558
948,0.85,4.7265,-0.0018,2.7296,1.9969,0.0041,+0.0163,1.8454,4.4026
949,0.81,4.7341,+0.0051,2.7238,2.0103,0.0051,+0.0560,1.7150,4.3620
950,0.83,4.7291,+0.0001,2.7282,2.0009,0.0041,+0.1312,1.8451,4.2352
951,0.83,4.7320,+0.0029,2.6945,2.0376,0.0026,+0.0676,1.8118,4.4216
952,0.83,4.7366,+0.0081,2.7119,2.0247,0.0105,-0.0162,1.9805,4.7125
953,0.84,4.7294,+0.0003,2.7215,2.0079,0.0068,-0.1274,1.6501,4.0085
954,0.84,4.7365,+0.0046,2.7155,2.0209,0.0044,-0.1817,1.8427,4.2197
955,0.84,4.7285,+0.0008,2.7199,2.0086,0.0030,-0.0829,1.8844,4.1752
956,0.81,4.7345,+0.0034,2.7271,2.0074,0.0042,-0.0237,1.6413,3.7604
957,0.86,4.7359,-0.0070,2.6915,2.0445,0.0048,-0.0360,1.6782,3.7735
958,0.84,4.7274,+0.0024,2.6742,2.0532,0.0157,-0.1215,1.7686,3.6342
959,0.84,4.7285,+0.0032,2.6918,2.0367,0.0042,-0.1791,1.7931,3.7601
960,0.85,4.7356,+0.0117,2.7564,1.9792,0.0167,-0.0781,1.7063,3.7327
961,0.84,4.7302,+0.0007,2.7136,2.0166,0.0081,-0.1613,1.8999,4.0913
962,0.84,4.7070,-0.0026,2.6932,2.0138,0.0055,-0.2152,1.6192,3.4803
963,0.84,4.7347,-0.0013,2.7033,2.0314,0.0064,-0.3820,1.8890,4.3526
964,0.85,4.7289,-0.0089,2.6983,2.0306,0.0091,-0.2486,2.1683,4.5747
965,0.83,4.7270,+0.0019,2.6848,2.0422,0.0036,-0.2600,1.7930,3.8551
966,0.84,4.7230,-0.0008,2.6926,2.0304,0.0026,-0.2746,1.6888,3.8997
967,0.83,4.7546,-0.0029,2.7504,2.0042,0.0149,-0.2873,1.8429,4.1044
968,0.84,4.7358,+0.0053,2.7224,2.0134,0.0058,-0.3658,1.8520,4.4821
969,0.83,4.7213,+0.0096,2.7255,1.9959,0.0055,-0.3436,1.5218,3.7923
970,0.83,4.7204,-0.0100,2.6996,2.0209,0.0064,-0.3014,1.8117,4.1191
971,0.83,4.7310,-0.0004,2.6976,2.0334,0.0034,-0.3129,1.9160,4.3394
972,0.83,4.7408,+0.0017,2.7144,2.0264,0.0074,-0.2671,1.8476,4.3063
973,0.82,4.7261,-0.0036,2.6825,2.0436,0.0043,-0.2476,1.8985,4.3500
974,0.81,4.7388,+0.0010,2.6725,2.0663,0.0082,-0.3311,2.0455,4.5820
975,0.82,4.7272,-0.0023,2.6826,2.0446,0.0038,-0.3288,1.9457,4.3144
976,0.85,4.7232,-0.0003,2.6712,2.0520,0.0024,-0.3196,2.0383,4.4656
977,0.85,4.7182,+0.0042,2.6783,2.0400,0.0021,-0.1946,1.9434,4.2733
978,0.83,4.7225,-0.0018,2.6772,2.0452,0.0033,-0.0870,2.0511,4.2124
979,0.83,4.7420,+0.0011,2.6796,2.0624,0.0101,-0.1308,1.9336,4.5058
980,0.81,4.7222,+0.0063,2.7028,2.0194,0.0060,-0.0505,1.7103,3.7755
981,0.82,4.7380,+0.0021,2.6962,2.0417,0.0067,-0.0032,1.5166,3.9793
982,0.84,4.7350,-0.0052,2.7397,1.9953,0.0054,+0.0241,1.8837,4.3593
983,0.82,4.7516,-0.0025,2.7749,1.9767,0.0295,-0.0164,2.0761,5.2378
984,0.82,4.7347,+0.0099,2.7323,2.0025,0.0059,+0.0105,2.0514,4.3442
985,0.82,4.7178,+0.0071,2.6768,2.0410,0.0042,+0.0194,1.9775,4.4685
986,0.86,4.7264,+0.0052,2.6771,2.0494,0.0070,+0.0255,1.9058,4.0615
987,0.83,4.7258,-0.0022,2.6849,2.0410,0.0028,-0.0040,1.9389,4.4496
988,0.84,4.7182,+0.0058,2.6896,2.0287,0.0090,-0.0221,1.6854,4.1195
989,0.84,4.7487,-0.0046,2.7337,2.0150,0.0551,-0.1185,1.8180,4.2175
990,0.83,4.7168,-0.0020,2.6538,2.0630,0.0056,-0.1677,1.9268,4.6892
991,0.84,4.7240,-0.0021,2.7004,2.0237,0.0034,-0.0914,1.7374,4.1688
992,0.83,4.7150,-0.0093,2.6774,2.0376,0.0017,-0.1705,1.8695,4.1928
993,0.84,4.7325,-0.0030,2.6690,2.0635,0.0028,-0.1853,1.8815,4.3842
994,0.82,4.7420,-0.0001,2.6502,2.0918,0.0104,-0.2355,1.9802,4.3900
995,0.83,4.7363,+0.0020,2.7031,2.0332,0.0036,-0.1813,1.7593,4.0708
996,0.83,4.7241,+0.0032,2.6849,2.0392,0.0043,-0.2729,1.8674,4.3460
997,0.84,4.7402,-0.0002,2.7183,2.0219,0.0156,-0.1139,2.0440,4.5733
998,0.83,4.7333,-0.0025,2.7014,2.0319,0.0133,-0.0581,1.8519,4.3144
999,0.85,4.7193,-0.0009,2.6915,2.0278,0.0031,-0.2809,1.9640,4.3013
