step,pmove,energy,energy_imag,potential,kinetic,variance,Lz,Lz_square,L_square
0,0.50,4.6946,+0.0011,2.2750,2.4196,0.5316,+0.1845,26.5862,71.7084
1,0.49,4.7037,-0.0663,2.2803,2.4234,0.3424,+0.2527,23.0413,73.1203
2,0.49,4.4947,+0.0326,2.1915,2.3031,0.3519,+0.3191,21.9070,66.7199
3,0.50,4.5169,-0.0316,2.1760,2.3409,0.2867,-0.1748,22.7098,59.1698
4,0.46,4.4930,-0.0083,2.2341,2.2589,0.2992,-0.3013,18.3671,58.4822
5,0.48,4.4540,-0.0173,2.1983,2.2557,0.2287,-0.6068,18.5656,56.8626
6,0.50,4.3708,-0.0347,2.1500,2.2208,0.2052,-0.5386,18.6065,53.9166
7,0.52,4.3231,-0.0510,2.1922,2.1308,0.2650,-1.2247,16.5134,51.6386
8,0.50,4.2836,-0.0254,2.1253,2.1583,0.1973,-0.5421,15.6815,52.9646
9,0.52,4.2861,-0.0216,2.1531,2.1330,0.1485,-1.3314,17.2063,46.1859
10,0.50,4.3113,+0.0211,2.1579,2.1535,0.1577,-0.8023,17.9638,51.4943
11,0.48,4.2478,+0.0216,2.1195,2.1282,0.1340,-0.5655,14.3046,44.6505
12,0.49,4.2886,-0.0080,2.1247,2.1638,0.1693,-0.4854,14.7201,48.0373
13,0.51,4.2158,+0.0318,2.1477,2.0681,0.1559,-0.4224,11.4044,43.9218
14,0.48,4.2363,-0.0243,2.1016,2.1347,0.1202,-0.3112,10.4405,42.7411
15,0.48,4.1301,+0.0193,2.0785,2.0515,0.0939,-0.2645,12.4210,41.1285
16,0.47,4.1694,+0.0050,2.0429,2.1265,0.0744,+0.0846,10.6190,38.2772
17,0.49,4.1859,-0.0022,2.1008,2.0851,0.0978,+0.1529,11.2288,41.3069
18,0.48,4.1438,+0.0031,2.0575,2.0862,0.0689,+0.2938,11.1478,37.2394
19,0.47,4.2017,+0.0452,2.1268,2.0749,0.0883,+0.5360,12.1425,40.7265
20,0.49,4.1429,+0.0067,2.0928,2.0501,0.0658,+0.1880,11.0035,36.4134
21,0.47,4.1395,+0.0016,2.1033,2.0362,0.0823,+0.5566,8.6280,31.5778
22,0.50,4.1331,+0.0111,2.0963,2.0368,0.0730,+0.2828,10.1192,34.4664
23,0.50,4.1369,-0.0318,2.0683,2.0686,0.0621,+0.4997,10.2075,34.0718
24,0.49,4.1160,-0.0013,2.0804,2.0357,0.0450,+0.3774,8.9290,32.9679
25,0.45,4.1260,-0.0234,2.0477,2.0783,0.0578,-0.0689,8.0658,33.5459
26,0.47,4.0850,-0.0121,2.0222,2.0628,0.0437,+0.1593,9.2750,32.4295
27,0.44,4.0893,+0.0104,2.0333,2.0560,0.0530,+0.0383,8.3445,29.2204
28,0.46,4.0636,+0.0043,2.0029,2.0607,0.0317,-0.0453,6.6728,27.8028
29,0.48,4.0849,-0.0059,2.0166,2.0683,0.0461,+0.2479,8.1303,28.2562
30,0.46,4.0665,+0.0091,2.0070,2.0595,0.0389,-0.1991,7.1635,27.1720
31,0.46,4.1016,-0.0278,2.0245,2.0770,0.0512,+0.1482,7.7246,27.4718
32,0.46,4.0520,-0.0035,1.9894,2.0626,0.0403,+0.0758,5.2532,25.0850
33,0.45,4.0815,-0.0157,2.0229,2.0586,0.0573,-0.2112,6.1479,25.6563
34,0.44,4.0313,-0.0069,2.0130,2.0183,0.0441,+0.1188,5.6895,25.5306
35,0.44,4.0380,+0.0156,1.9905,2.0475,0.0240,+0.0860,6.4405,25.1454
36,0.45,4.0526,+0.0176,2.0221,2.0305,0.0396,+0.4642,4.7273,25.0417
37,0.46,4.0343,+0.0086,2.0218,2.0125,0.0373,+0.5562,5.3330,24.7079
38,0.43,4.0380,-0.0089,2.0112,2.0268,0.0571,+0.6129,4.3655,23.4144
39,0.44,4.0415,-0.0457,1.9830,2.0585,0.0424,+0.4118,4.3721,21.9610
40,0.45,4.0373,+0.0025,2.0165,2.0208,0.0362,+0.5868,5.0860,24.4323
41,0.46,4.0424,-0.0100,2.0066,2.0358,0.0467,+0.5275,4.4261,23.5895
42,0.45,4.0302,-0.0027,1.9950,2.0351,0.0404,+0.4616,4.3323,22.2644
43,0.42,3.9918,-0.0259,1.9664,2.0254,0.0244,+0.2899,3.5751,20.5975
44,0.44,4.0411,+0.0100,2.0070,2.0341,0.0405,+0.3805,4.6798,25.1597
45,0.42,4.0621,-0.0040,2.0186,2.0436,0.0483,+0.1668,4.8553,24.3981
46,0.45,4.0421,-0.0135,2.0105,2.0317,0.0724,+0.0272,5.0639,22.3615
47,0.44,4.0448,-0.0094,2.0065,2.0383,0.0424,+0.0985,4.4316,22.7429
48,0.40,4.0286,-0.0140,1.9755,2.0530,0.0556,+0.4397,4.7868,21.7891
49,0.43,4.0342,-0.0150,1.9827,2.0516,0.0302,+0.2339,4.4299,19.8710
50,0.45,4.0008,-0.0216,1.9793,2.0215,0.0294,+0.4719,4.1463,20.7908
51,0.44,4.0057,-0.0019,1.9759,2.0299,0.0341,+0.1078,3.1929,20.3316
52,0.43,4.0271,+0.0253,2.0049,2.0223,0.0368,-0.0225,4.7996,21.5493
53,0.44,4.0133,+0.0003,1.9788,2.0345,0.0411,+0.1290,4.9143,19.0377
54,0.42,4.0128,+0.0370,1.9820,2.0308,0.0328,+0.1148,3.8693,20.4865
55,0.43,4.0085,-0.0123,2.0238,1.9847,0.0279,+0.2148,4.3368,21.5840
56,0.43,4.0218,+0.0229,1.9867,2.0351,0.0352,+0.4363,5.5002,23.2532
57,0.41,4.0017,+0.0018,1.9745,2.0271,0.0273,+0.3816,3.4855,19.4739
58,0.44,4.0278,-0.0311,2.0172,2.0106,0.0546,+0.1391,4.1114,22.2597
59,0.43,4.0160,+0.0137,1.9601,2.0558,0.0286,+0.3381,4.2172,19.7339
60,0.44,4.0324,-0.0039,1.9717,2.0607,0.0231,+0.1664,4.5354,20.6730
61,0.43,4.0131,+0.0011,1.9730,2.0401,0.0335,+0.2019,3.5601,19.1819
62,0.42,3.9937,+0.0061,1.9319,2.0618,0.0343,+0.3929,4.6691,19.1630
63,0.43,3.9966,+0.0157,1.9727,2.0239,0.0334,+0.1658,3.9139,18.5548
64,0.42,3.9919,-0.0002,1.9672,2.0246,0.0290,+0.2249,3.7294,19.0601
65,0.42,3.9942,+0.0069,1.9649,2.0293,0.0215,+0.1257,3.3143,19.3529
66,0.43,3.9819,-0.0045,1.9554,2.0265,0.0376,+0.0584,2.9833,17.1174
67,0.41,3.9998,+0.0155,1.9635,2.0363,0.0446,+0.1547,3.6615,19.2878
68,0.42,3.9768,-0.0205,1.9317,2.0451,0.0268,+0.2988,3.1080,18.2423
69,0.43,3.9914,+0.0051,1.9588,2.0325,0.0398,+0.2059,2.7495,15.7729
70,0.40,3.9870,+0.0171,1.9512,2.0358,0.0250,+0.1539,3.7621,19.1539
71,0.44,3.9777,+0.0012,1.9310,2.0467,0.0217,+0.2205,3.0506,17.8489
72,0.41,3.9613,+0.0142,1.9497,2.0117,0.0204,+0.2946,3.3317,19.7596
73,0.43,3.9986,+0.0091,1.9644,2.0342,0.0254,+0.0369,4.4536,21.1231
74,0.44,4.0105,+0.0036,1.9859,2.0246,0.0357,+0.0921,3.9032,20.4768
75,0.42,4.0076,+0.0192,1.9643,2.0433,0.0482,+0.1752,4.7095,19.1201
76,0.43,3.9699,+0.0074,1.9476,2.0223,0.0340,+0.0138,5.0046,18.4160
77,0.43,4.0136,-0.0158,1.9985,2.0152,0.0384,+0.0979,6.0619,23.7609
78,0.44,3.9839,-0.0173,1.9650,2.0189,0.0220,+0.4926,4.3875,19.3892
79,0.38,3.9670,-0.0093,1.9419,2.0252,0.0215,+0.2842,3.2050,17.2076
80,0.40,3.9897,-0.0019,1.9266,2.0632,0.0357,+0.0747,3.2059,15.8126
81,0.43,3.9880,+0.0111,1.9428,2.0453,0.0147,+0.1942,3.6164,17.8125
82,0.41,3.9837,+0.0172,1.9302,2.0535,0.0392,+0.0730,3.3202,15.8295
83,0.38,3.9978,-0.0189,1.9642,2.0336,0.0411,+0.0205,3.5664,17.2738
84,0.39,3.9956,-0.0009,1.9638,2.0319,0.0434,+0.1062,4.1315,18.7865
85,0.42,3.9876,-0.0163,1.9370,2.0506,0.0370,-0.0349,2.9897,17.1836
86,0.44,3.9899,-0.0090,1.9731,2.0169,0.0309,-0.0734,3.8877,18.5688
87,0.40,4.0084,-0.0030,1.9548,2.0536,0.0312,+0.0223,2.9230,17.8734
88,0.40,3.9905,-0.0095,1.9315,2.0590,0.0242,+0.0049,2.7990,15.8667
89,0.41,4.0113,+0.0073,1.9575,2.0538,0.0427,+0.1439,3.1076,18.0364
90,0.41,3.9730,+0.0184,1.9604,2.0126,0.0325,+0.1390,3.0482,17.6823
91,0.41,3.9788,-0.0096,1.9451,2.0338,0.0212,+0.1899,2.7568,15.1523
92,0.41,3.9638,+0.0149,1.9526,2.0112,0.0222,+0.0633,3.0165,16.7795
93,0.40,3.9861,+0.0060,1.9356,2.0505,0.0157,-0.1250,3.9363,18.2503
94,0.42,3.9574,-0.0231,1.9205,2.0369,0.0323,+0.0049,3.9403,15.1875
95,0.40,4.0026,+0.0030,1.9930,2.0095,0.0484,+0.1649,4.7893,19.2728
96,0.41,3.9827,-0.0162,1.9452,2.0375,0.0359,+0.2552,3.8345,16.5901
97,0.41,4.0040,-0.0120,1.9879,2.0160,0.0314,+0.0901,3.0434,16.8795
98,0.42,3.9582,+0.0063,1.9484,2.0097,0.0200,+0.0576,2.9777,17.3939
99,0.42,3.9702,-0.0050,1.9275,2.0427,0.0240,+0.1003,3.1734,15.6806
100,0.38,3.9696,-0.0060,1.9586,2.0110,0.0231,-0.1687,3.1696,15.9961
101,0.41,3.9776,+0.0064,1.9257,2.0519,0.0222,-0.3090,2.5693,16.4160
102,0.40,3.9751,+0.0163,1.9253,2.0499,0.0241,-0.2931,3.1391,16.4862
103,0.40,3.9606,-0.0056,1.9576,2.0029,0.0256,-0.3287,4.2939,17.0443
104,0.40,3.9786,-0.0157,1.9663,2.0123,0.0437,-0.3084,4.5816,16.9390
105,0.43,3.9687,+0.0120,1.9669,2.0018,0.0441,-0.3329,3.7865,16.5424
106,0.42,3.9713,+0.0088,1.9757,1.9956,0.0342,-0.2027,4.4580,17.0873
107,0.40,3.9604,-0.0063,1.9561,2.0043,0.0170,-0.3251,4.1304,17.9196
108,0.42,3.9926,-0.0026,1.9453,2.0474,0.0225,-0.3693,3.8138,16.3084
109,0.41,3.9746,+0.0005,1.9324,2.0422,0.0228,-0.2437,3.8841,16.1475
110,0.43,3.9920,+0.0070,1.9401,2.0519,0.0298,-0.3162,3.5347,15.9884
111,0.39,3.9793,+0.0173,1.9430,2.0362,0.0169,-0.1249,3.3248,15.7267
112,0.43,3.9740,-0.0323,1.9437,2.0303,0.0224,+0.0660,3.6330,17.3271
113,0.41,3.9780,-0.0066,1.9632,2.0148,0.0396,-0.2345,3.5217,15.4968
114,0.41,3.9752,+0.0025,1.9480,2.0272,0.0251,-0.1963,3.3922,17.5571
115,0.42,3.9901,+0.0014,1.9614,2.0288,0.0255,-0.0379,3.8681,17.7463
116,0.38,3.9671,-0.0073,1.9217,2.0454,0.0168,-0.0412,2.5460,13.9265
117,0.40,3.9902,-0.0087,1.9284,2.0619,0.0174,-0.0549,3.2803,15.7913
118,0.43,3.9791,+0.0085,1.9663,2.0128,0.0206,-0.0477,2.6583,15.5558
119,0.41,3.9850,+0.0020,1.9633,2.0217,0.0202,+0.1764,4.6148,17.4667
120,0.42,3.9965,-0.0237,1.9665,2.0300,0.0314,+0.0993,4.5889,18.1376
121,0.39,3.9416,-0.0213,1.9510,1.9906,0.0564,+0.1914,3.8978,14.8441
122,0.38,3.9920,-0.0032,1.9251,2.0669,0.0185,-0.0883,3.9279,14.8525
123,0.41,3.9739,+0.0081,1.9163,2.0576,0.0224,-0.1447,3.6668,15.0549
124,0.41,3.9889,-0.0080,1.9201,2.0687,0.0188,+0.0641,4.5361,16.7568
125,0.40,3.9617,+0.0008,1.9196,2.0421,0.0282,+0.1453,3.6263,13.5022
126,0.39,3.9811,+0.0085,1.9292,2.0519,0.0388,+0.0167,3.0451,13.3187
127,0.40,3.9696,-0.0046,1.9592,2.0104,0.0295,+0.0212,3.7734,15.1618
128,0.42,3.9491,+0.0207,1.9382,2.0109,0.0204,-0.0394,3.8907,14.4029
129,0.40,3.9820,+0.0055,1.9390,2.0431,0.0331,-0.0225,3.6283,14.8811
130,0.41,3.9607,+0.0066,1.9322,2.0284,0.0213,-0.1242,3.9546,14.9823
131,0.39,3.9761,+0.0075,1.9357,2.0404,0.0272,+0.1584,4.4978,15.6014
132,0.39,3.9588,+0.0081,1.9370,2.0217,0.0263,-0.2098,3.7131,13.6060
133,0.40,3.9708,-0.0143,1.9712,1.9996,0.0360,+0.0494,3.4616,14.0401
134,0.39,4.0052,-0.0192,1.9607,2.0445,0.0343,-0.0429,3.8668,16.4018
135,0.41,3.9800,+0.0050,1.9428,2.0373,0.0328,-0.0784,3.4087,13.9144
136,0.40,3.9708,-0.0074,1.9119,2.0589,0.0209,-0.0152,3.5130,12.3351
137,0.42,3.9546,-0.0082,1.9215,2.0331,0.0223,-0.0108,2.8665,12.7860
138,0.39,3.9635,+0.0094,1.9344,2.0291,0.0144,-0.0311,3.0322,13.9633
139,0.39,3.9626,-0.0056,1.9292,2.0334,0.0212,-0.1500,4.3408,15.0603
140,0.41,3.9543,-0.0020,1.9242,2.0301,0.0131,-0.1484,3.4951,13.1590
141,0.40,3.9721,+0.0028,1.9513,2.0208,0.0362,+0.2426,3.7495,12.4559
142,0.40,3.9803,+0.0021,1.9226,2.0577,0.0668,-0.0835,3.6545,12.2968
143,0.42,3.9927,-0.0117,1.9600,2.0326,0.0358,+0.0851,4.4193,15.2133
144,0.40,3.9580,-0.0115,1.9271,2.0310,0.0199,-0.0357,4.0080,14.1316
145,0.39,3.9737,+0.0057,1.9337,2.0400,0.0318,+0.0031,4.6668,15.2626
146,0.41,3.9594,+0.0100,1.9412,2.0182,0.0227,-0.1797,3.8717,13.6415
147,0.38,3.9486,+0.0040,1.9177,2.0309,0.0123,-0.3458,3.8606,13.8040
148,0.40,3.9761,+0.0064,1.9282,2.0479,0.0161,-0.1977,3.9492,13.8340
149,0.40,3.9496,+0.0033,1.9003,2.0493,0.0130,-0.3396,3.7072,13.2276
150,0.38,3.9873,+0.0108,1.9166,2.0707,0.0238,-0.1387,3.9669,13.7448
151,0.39,3.9443,-0.0065,1.9149,2.0294,0.0419,-0.1480,4.5186,13.6847
152,0.40,3.9600,+0.0059,1.9283,2.0317,0.0306,-0.0082,3.9638,14.2878
153,0.38,3.9755,-0.0016,1.9211,2.0544,0.0311,-0.1490,4.4432,13.7235
154,0.42,3.9648,+0.0082,1.9189,2.0459,0.0195,-0.1718,3.4473,13.0137
155,0.41,3.9785,-0.0061,1.9372,2.0413,0.0251,+0.1013,4.0354,16.5904
156,0.40,3.9788,-0.0079,1.9735,2.0053,0.0332,+0.2124,4.4020,17.4801
157,0.40,3.9726,+0.0064,1.9413,2.0313,0.0353,+0.1352,3.9992,14.5127
158,0.40,3.9457,+0.0010,1.9216,2.0242,0.0189,-0.2063,3.4321,12.8676
159,0.40,3.9697,+0.0129,1.9522,2.0175,0.0184,-0.5127,4.9079,15.1929
160,0.43,3.9579,+0.0123,1.9472,2.0107,0.0324,-0.4929,4.4817,17.0851
161,0.39,3.9629,+0.0000,1.9378,2.0251,0.0176,-0.2505,4.6014,16.0327
162,0.39,3.9466,+0.0152,1.9161,2.0305,0.0128,-0.1219,3.7174,14.0755
163,0.41,3.9522,-0.0042,1.8951,2.0570,0.0141,-0.0620,3.5239,13.1682
164,0.40,3.9594,-0.0021,1.9153,2.0441,0.0175,+0.0076,3.7073,14.6515
165,0.42,3.9627,+0.0083,1.9400,2.0227,0.0185,+0.0616,4.2216,12.5440
166,0.42,3.9657,+0.0021,1.9512,2.0145,0.0252,-0.2283,3.8765,13.5464
167,0.37,3.9812,+0.0201,1.9126,2.0686,0.0341,-0.3228,4.1887,12.3621
168,0.37,3.9688,+0.0012,1.9092,2.0595,0.0171,-0.2634,4.4206,13.7179
169,0.39,3.9774,+0.0008,1.9469,2.0305,0.0216,-0.3149,4.7776,14.4623
170,0.42,3.9923,+0.0175,1.9458,2.0465,0.0164,-0.3171,4.3858,14.9241
171,0.39,3.9475,-0.0068,1.9141,2.0334,0.0143,-0.2218,4.2336,12.8154
172,0.41,3.9330,+0.0095,1.9090,2.0240,0.0115,-0.1829,3.3585,12.6843
173,0.40,3.9733,+0.0012,1.9172,2.0561,0.0196,-0.2867,4.1077,13.1529
174,0.41,3.9650,+0.0000,1.9320,2.0330,0.0205,-0.3476,4.5703,14.2442
175,0.39,3.9422,-0.0055,1.9293,2.0129,0.0105,-0.0818,3.6453,13.8416
176,0.40,3.9640,-0.0023,1.9377,2.0263,0.0217,-0.3665,4.0821,14.7655
177,0.41,3.9599,+0.0046,1.9539,2.0060,0.0213,-0.3150,4.0351,13.8782
178,0.41,3.9598,-0.0052,1.9413,2.0185,0.0222,-0.1506,3.7967,15.4119
179,0.41,3.9534,+0.0105,1.9375,2.0159,0.0147,-0.0198,3.8486,14.4702
180,0.41,3.9482,+0.0038,1.9600,1.9882,0.0287,-0.3360,5.6781,15.5892
181,0.39,3.9689,+0.0052,1.9260,2.0429,0.0133,-0.3981,4.4590,14.5874
182,0.39,3.9925,-0.0027,1.9709,2.0216,0.0366,-0.2700,3.9197,14.0545
183,0.42,3.9687,-0.0111,1.9424,2.0263,0.0149,-0.0914,4.2356,13.2260
184,0.41,3.9577,+0.0114,1.9257,2.0320,0.0157,-0.0555,4.2414,13.6963
185,0.40,3.9468,+0.0117,1.9240,2.0228,0.0142,+0.0739,3.2039,12.4117
186,0.40,3.9643,+0.0116,1.9456,2.0187,0.0322,-0.0449,4.8998,15.4112
187,0.39,3.9643,+0.0009,1.9427,2.0216,0.0282,+0.2704,4.6331,14.7432
188,0.39,3.9562,-0.0135,1.9434,2.0128,0.0178,+0.0154,3.1485,13.4509
189,0.40,3.9553,-0.0040,1.9182,2.0371,0.0287,+0.0931,4.1366,14.0142
190,0.40,3.9341,+0.0049,1.9113,2.0228,0.0128,-0.0493,3.7434,12.8418
191,0.40,3.9574,+0.0167,1.9317,2.0257,0.0274,-0.0355,3.5671,13.4785
192,0.42,3.9618,-0.0235,1.9381,2.0237,0.0149,-0.0143,4.2162,14.5742
193,0.42,3.9517,+0.0047,1.9373,2.0144,0.0142,-0.1280,3.7766,13.4302
194,0.42,3.9713,-0.0017,1.9374,2.0339,0.0252,-0.0469,3.3088,13.8736
195,0.42,3.9444,-0.0016,1.9237,2.0208,0.0210,-0.0504,3.4078,11.4964
196,0.38,3.9526,+0.0165,1.9048,2.0478,0.0171,-0.0435,3.4181,12.6948
197,0.41,3.9668,+0.0017,1.9396,2.0272,0.0299,+0.1319,3.3581,13.5136
198,0.41,3.9467,+0.0206,1.9232,2.0235,0.0197,+0.0369,3.2536,12.3965
199,0.39,3.9800,-0.0073,1.9363,2.0437,0.0328,-0.2194,2.9528,12.5868
200,0.41,3.9603,-0.0059,1.9130,2.0474,0.0255,+0.1245,3.4909,12.0540
201,0.40,3.9486,+0.0042,1.8854,2.0632,0.0154,+0.1621,3.0559,12.3254
202,0.40,3.9838,+0.0053,1.9330,2.0509,0.0250,+0.0874,3.0940,13.1983
203,0.42,3.9726,-0.0016,1.9458,2.0268,0.0393,+0.0107,3.2965,12.3536
204,0.41,3.9698,+0.0015,1.9386,2.0311,0.0296,+0.2935,3.7937,14.7323
205,0.40,3.9454,+0.0059,1.9254,2.0200,0.0252,+0.3172,2.9248,12.5083
206,0.40,3.9542,-0.0097,1.9268,2.0274,0.0191,+0.1939,3.1862,13.2286
207,0.38,3.9453,-0.0053,1.9115,2.0338,0.0163,+0.1695,3.4069,10.9959
208,0.38,3.9550,+0.0033,1.9193,2.0357,0.0371,-0.0224,2.9585,12.0946
209,0.38,3.9534,+0.0070,1.9196,2.0337,0.0192,-0.0958,3.8705,12.5350
210,0.40,3.9638,+0.0147,1.9324,2.0314,0.0325,-0.0692,3.2317,12.7425
211,0.43,3.9615,-0.0010,1.9579,2.0036,0.0223,-0.1291,4.0199,14.0561
212,0.38,3.9496,+0.0031,1.9115,2.0381,0.0134,-0.2814,3.9689,12.0954
213,0.43,3.9561,-0.0075,1.9273,2.0288,0.0154,-0.2544,3.8764,12.6451
214,0.42,3.9538,+0.0054,1.9249,2.0289,0.0157,-0.3408,3.8168,12.5597
215,0.41,3.9518,+0.0162,1.9096,2.0422,0.0149,-0.5048,3.4213,11.8170
216,0.38,3.9450,-0.0026,1.9366,2.0085,0.0209,-0.3913,3.7419,11.8313
217,0.41,3.9536,-0.0060,1.9392,2.0144,0.0121,-0.3100,4.3052,13.1855
218,0.40,3.9516,+0.0164,1.9418,2.0097,0.0186,-0.3306,4.3997,12.3822
219,0.41,3.9527,-0.0045,1.9201,2.0326,0.0198,-0.1791,3.6759,11.4223
220,0.39,3.9696,+0.0078,1.9289,2.0407,0.0344,+0.1264,3.5744,12.9383
221,0.44,3.9574,+0.0036,1.9178,2.0396,0.0162,-0.1026,3.1586,12.4603
222,0.44,3.9972,-0.0170,1.9527,2.0445,0.0220,+0.1164,3.4661,12.5600
223,0.43,3.9634,-0.0029,1.9416,2.0218,0.0453,-0.0753,3.6902,11.9213
224,0.41,3.9525,-0.0117,1.9244,2.0281,0.0255,+0.0896,3.8558,11.5920
225,0.39,3.9376,-0.0224,1.9095,2.0281,0.0329,-0.0163,3.8774,10.8115
226,0.39,3.9355,+0.0061,1.9208,2.0147,0.0181,-0.0343,3.2346,10.2988
227,0.38,3.9567,-0.0104,1.9390,2.0177,0.0209,-0.0346,4.2271,13.6471
228,0.40,3.9685,-0.0185,1.9341,2.0344,0.0230,-0.0210,4.1222,12.9588
229,0.39,3.9561,-0.0076,1.9171,2.0390,0.0163,-0.2336,3.9015,12.3725
230,0.39,3.9725,+0.0044,1.9430,2.0295,0.0193,-0.1947,4.3463,12.7283
231,0.40,3.9633,-0.0012,1.9074,2.0558,0.0256,-0.0578,3.5541,12.1545
232,0.43,3.9529,-0.0106,1.9192,2.0336,0.0280,-0.2361,4.0128,11.9686
233,0.42,3.9505,+0.0046,1.9233,2.0273,0.0265,-0.0728,4.9677,12.6882
234,0.42,3.9492,-0.0054,1.9321,2.0172,0.0295,-0.1149,4.4164,11.9119
235,0.42,3.9630,+0.0030,1.9423,2.0208,0.0228,-0.2548,4.0245,12.1343
236,0.41,3.9662,-0.0023,1.9536,2.0126,0.0347,-0.3708,4.0565,12.2841
237,0.41,3.9473,+0.0089,1.9037,2.0437,0.0158,-0.2461,4.5042,12.5843
238,0.42,3.9710,-0.0132,1.9221,2.0489,0.0260,-0.0769,4.4129,11.7463
239,0.40,3.9474,+0.0146,1.9335,2.0140,0.0268,-0.1711,3.9214,11.8916
240,0.43,3.9568,+0.0135,1.9389,2.0179,0.0218,-0.3386,4.4194,13.0066
241,0.41,3.9458,+0.0135,1.9196,2.0262,0.0203,-0.0708,2.6517,11.4628
